daily_screen_time_hours,social_media_hours,sleep_hours,addicted_label
3.23,2.01,7.55,0
5.09,3.81,7.66,0
6.06,1.36,4.92,0
7.83,5.85,8.23,1
9.96,5.92,6.21,1
9.32,4.26,6.9,1
10.4,4.93,8.61,1
4.26,4.6,6.43,1
4.38,1.38,6.23,0
9.76,4.73,5.21,1
8.48,1.34,8.0,1
5.16,1.82,7.79,0
11.52,1.41,8.84,1
4.09,1.74,5.54,0
10.74,0.89,5.46,1
3.87,2.87,7.78,0
4.71,2.97,5.62,0
10.52,5.83,5.25,1
11.87,1.96,6.4,1
11.72,3.69,4.76,1
10.66,0.88,6.32,1
5.85,1.93,5.7,0
3.66,1.67,8.46,0
3.07,4.99,8.73,1
9.46,1.62,6.7,1
9.94,4.0,6.98,1
4.33,1.2,8.08,0
10.96,2.74,8.68,1
10.04,2.76,5.62,1
6.15,5.01,7.47,1
6.6,5.9,5.02,1
6.11,4.83,5.02,1
9.18,5.67,6.44,1
9.0,2.29,5.36,1
5.73,1.66,5.95,0
5.55,4.15,8.78,1
11.86,3.86,8.49,1
8.9,0.53,4.98,1
11.26,1.17,6.89,1
7.05,4.63,8.0,1
6.02,5.41,6.22,1
4.86,2.81,7.63,0
7.84,4.54,6.7,1
10.56,5.56,8.58,1
3.45,2.59,7.93,0
9.74,0.79,4.81,1
5.15,3.1,6.59,0
8.21,5.61,6.19,1
10.65,3.8,8.02,1
10.4,1.08,8.23,1
10.43,3.76,8.71,1
10.66,1.5,6.03,1
9.48,3.19,7.41,1
5.76,3.7,6.41,0
5.07,4.47,8.78,1
8.37,5.89,6.12,1
5.63,5.69,4.96,1
5.27,5.24,6.71,1
4.07,4.7,5.52,1
8.49,4.57,5.45,1
7.05,3.77,7.68,0
7.9,4.06,4.82,1
9.2,4.35,6.72,1
5.06,4.21,4.59,1
11.97,2.9,6.62,1
5.59,5.7,6.55,1
4.69,2.49,7.92,0
11.76,3.85,6.98,1
7.49,4.44,8.26,1
9.72,1.25,8.34,1
10.79,2.96,7.93,1
3.39,4.6,6.24,1
3.9,5.51,8.42,1
10.67,5.19,5.92,1
11.98,4.61,7.35,1
10.17,2.11,6.89,1
5.09,4.01,8.55,1
8.75,2.83,5.4,1
3.2,5.07,8.39,1
4.97,1.55,7.95,0
8.22,4.53,7.86,1
11.23,5.69,8.42,1
11.71,4.93,4.56,1
3.98,1.79,7.03,0
4.05,0.75,5.02,0
10.97,4.1,8.73,1
3.89,4.27,6.11,1
8.78,3.78,5.6,1
9.97,4.84,8.93,1
6.22,4.84,5.69,1
7.62,1.1,4.7,0
6.84,1.09,8.55,1
5.65,3.28,5.01,0
6.05,2.99,6.42,0
3.84,1.03,7.0,0
10.81,4.47,6.08,1
10.61,2.52,8.13,1
5.46,4.69,5.32,1
4.94,2.81,7.75,0
9.07,2.0,6.49,1
9.1,3.76,5.49,1
5.95,0.54,6.21,0
6.93,3.03,6.43,0
10.21,3.9,4.9,1
9.71,1.72,7.35,1
4.32,1.58,7.45,0
4.36,0.88,5.74,0
6.32,2.08,4.91,1
5.89,3.12,4.97,0
11.92,3.38,8.63,1
3.85,4.23,7.45,1
4.16,4.4,7.4,1
3.16,2.2,7.95,0
9.94,5.09,6.02,1
9.49,0.74,8.86,1
11.14,1.57,6.48,1
10.86,0.79,8.7,1
11.15,1.31,5.5,1
5.12,5.97,8.69,1
9.83,3.08,4.59,1
5.71,0.76,6.56,0
3.01,2.44,7.51,0
8.72,5.9,8.05,1
6.17,2.36,7.58,1
4.81,4.85,5.9,1
10.79,2.33,8.5,1
6.31,4.89,6.41,1
5.95,2.13,5.25,0
3.68,4.01,7.56,1
5.12,4.05,4.65,1
7.77,2.69,5.01,1
4.93,3.87,5.4,0
9.01,4.4,5.85,1
5.13,3.22,6.6,0
7.73,4.73,8.88,1
9.91,1.21,8.24,1
11.05,5.15,6.98,1
4.54,3.93,8.66,0
8.56,0.67,7.39,1
9.2,1.37,6.03,1
7.63,1.08,6.52,0
11.4,4.47,8.98,1
7.12,1.82,5.77,1
9.55,4.7,7.07,1
10.43,3.93,4.94,1
6.61,0.72,8.12,1
4.46,5.95,6.01,1
5.98,1.1,8.54,0
8.25,1.44,8.29,1
5.82,1.33,7.99,0
7.73,2.23,6.04,0
8.02,1.74,5.8,1
6.42,5.89,8.12,1
9.73,1.68,7.03,1
5.03,1.78,6.63,0
7.3,1.6,7.41,0
11.41,0.7,5.34,1
7.09,4.03,5.1,1
8.83,4.45,5.83,1
3.78,4.18,5.96,1
8.24,3.65,5.56,1
8.75,5.67,8.81,1
11.22,4.67,7.93,1
3.56,3.51,5.17,0
7.01,0.81,7.04,1
9.71,3.68,4.79,1
9.92,4.71,6.39,1
4.2,5.23,6.27,1
6.82,2.59,5.2,0
3.61,3.77,8.42,0
11.94,1.79,7.1,1
3.55,5.72,7.32,1
6.67,2.15,5.58,0
11.71,3.57,5.42,1
6.39,3.83,8.12,1
11.43,5.79,6.66,1
7.2,4.07,8.47,1
5.82,0.75,4.57,0
5.07,3.63,8.75,0
4.52,4.46,6.94,1
10.58,1.77,6.78,1
7.79,2.76,6.91,0
7.72,1.83,6.09,0
5.7,5.05,7.42,1
9.33,0.95,5.99,1
5.44,5.58,6.94,1
9.77,4.42,5.23,1
10.11,4.29,6.06,1
8.71,4.81,6.99,1
10.18,4.42,7.7,1
11.49,2.95,4.89,1
6.19,1.01,6.23,0
4.53,1.98,5.25,0
8.34,1.58,8.77,1
5.7,3.82,5.3,0
5.52,4.82,5.4,1
6.95,2.1,8.08,1
9.44,4.84,6.66,1
8.34,5.53,7.49,1
3.09,1.92,7.11,0
7.34,2.12,8.24,0
6.13,1.04,4.8,0
7.64,3.54,6.58,1
7.05,2.86,5.75,1
7.12,1.94,7.38,1
8.56,4.98,7.27,1
9.24,3.31,6.23,1
4.26,2.23,6.12,0
6.74,5.12,4.64,1
8.09,4.75,7.08,1
11.91,1.06,5.84,1
10.3,3.73,7.35,1
7.79,3.78,5.82,0
11.93,5.27,5.62,1
8.65,2.56,7.96,1
8.24,5.28,8.87,1
7.45,2.28,5.09,0
3.15,5.61,8.96,1
8.89,1.88,5.24,1
9.33,0.51,5.52,1
7.3,1.76,4.96,0
8.49,1.4,7.87,1
8.31,2.61,5.13,1
4.85,3.84,7.41,0
7.75,5.88,5.09,1
8.29,0.58,8.77,1
3.74,3.45,5.89,0
5.79,2.91,5.6,0
4.07,4.39,8.79,1
9.75,5.3,8.55,1
7.6,0.8,5.21,0
3.02,5.22,6.14,1
6.75,4.46,6.18,1
10.79,4.75,6.56,1
11.98,4.77,8.08,1
11.56,0.51,7.77,1
9.4,1.01,6.84,1
8.73,2.67,7.48,1
5.45,0.91,7.13,0
6.22,4.74,8.34,1
3.82,1.87,7.55,0
3.92,4.87,8.01,1
11.26,0.91,7.41,1
4.51,3.66,4.63,0
10.95,0.69,5.83,1
4.8,5.37,8.11,1
6.1,3.61,4.62,1
9.9,6.0,7.46,1
6.19,5.12,7.17,1
10.53,4.96,5.29,1
3.01,5.55,7.73,1
11.65,2.55,4.95,1
4.57,5.83,8.04,1
9.56,5.72,8.97,1
5.98,0.93,7.36,0
5.25,0.87,4.51,0
7.91,1.06,7.43,1
5.35,1.08,5.22,0
6.88,4.09,4.74,1
3.86,2.66,4.75,0
4.86,4.01,5.02,1
6.49,2.54,4.7,0
3.77,2.39,7.15,0
7.29,0.93,6.76,0
11.54,1.42,4.69,1
3.78,3.56,6.84,0
4.33,3.73,8.66,0
8.89,3.65,6.31,1
3.44,3.11,6.02,0
11.77,2.94,6.38,1
10.39,3.33,6.78,1
5.25,3.01,5.73,0
7.4,2.95,6.98,1
3.45,5.2,5.5,1
8.83,3.81,8.12,1
7.2,4.22,4.96,1
7.34,2.35,5.75,0
8.94,4.24,8.99,1
9.18,4.01,6.11,1
4.15,1.92,5.32,0
6.78,5.38,6.59,1
4.08,4.24,8.42,1
10.76,1.49,8.94,1
7.41,4.7,7.35,1
9.58,5.73,6.89,1
3.92,3.27,4.71,0
6.08,5.46,8.77,1
8.31,1.43,4.67,1
8.88,0.61,6.21,1
8.95,4.14,5.12,1
7.48,3.85,8.88,0
5.98,0.52,8.26,0
7.11,5.88,8.16,1
3.85,4.67,7.49,1
4.65,2.7,6.24,0
11.83,5.14,6.67,1
7.35,3.18,4.79,1
9.19,3.9,6.67,1
7.55,3.08,7.88,0
6.63,1.79,6.52,0
6.71,3.56,7.22,1
10.43,4.99,7.95,1
3.02,2.45,6.96,0
3.96,3.86,6.27,0
9.95,2.98,5.11,1
9.23,1.46,7.46,1
11.67,5.84,6.36,1
8.62,2.1,8.92,1
7.32,3.64,7.87,0
4.31,4.19,5.22,1
6.23,2.99,7.03,0
6.75,4.83,4.74,1
9.65,1.58,6.52,1
5.51,1.95,4.53,0
6.22,4.81,5.33,1
10.95,4.15,8.78,1
7.01,5.47,8.82,1
3.22,3.34,6.79,0
11.53,1.42,4.53,1
10.46,5.33,8.18,1
3.49,4.87,5.52,1
6.51,1.15,4.78,0
8.46,2.05,8.2,1
11.64,1.29,8.08,1
8.15,2.67,5.45,1
8.55,1.89,7.05,1
5.26,1.59,6.11,0
7.06,3.89,7.04,1
9.41,4.02,7.56,1
4.58,3.84,5.13,0
8.68,4.97,5.46,1
5.01,4.75,6.59,1
9.81,1.27,7.05,1
5.09,1.95,6.83,0
3.93,5.83,7.84,1
7.65,2.57,6.09,0
5.07,3.33,5.21,0
7.31,3.75,5.6,0
5.32,1.49,7.04,0
4.97,2.76,7.95,0
5.07,2.62,8.37,0
10.9,3.42,7.47,1
9.28,2.86,7.96,1
7.29,1.78,8.45,0
6.38,1.63,4.98,1
11.93,2.69,7.01,1
9.97,2.69,5.04,1
10.07,4.9,4.73,1
3.79,1.95,7.76,0
6.95,1.61,5.79,0
6.24,4.1,5.74,1
11.27,3.52,7.12,1
5.35,2.74,5.82,0
9.93,4.67,6.57,1
9.09,1.76,6.82,1
11.38,3.12,5.71,1
5.06,5.09,8.01,1
10.63,2.54,8.46,1
3.49,4.9,6.76,1
3.11,1.66,7.26,0
6.29,3.24,6.18,0
10.24,3.55,8.1,1
11.96,5.17,8.03,1
3.54,4.98,6.52,1
4.09,5.27,7.09,1
7.39,4.55,5.79,1
10.64,0.89,5.93,1
11.69,2.78,7.77,1
3.93,0.85,4.62,0
3.76,5.62,7.82,1
10.74,2.29,6.93,1
7.71,4.02,6.93,1
3.1,3.38,5.79,0
10.18,3.78,5.35,1
5.37,2.82,8.59,0
4.64,2.09,5.72,0
4.67,1.06,7.77,0
10.07,3.24,4.64,1
11.06,1.88,8.89,1
9.62,1.02,6.25,1
8.75,1.59,5.48,1
6.56,1.84,7.61,0
9.17,2.36,4.77,1
5.85,3.57,8.51,0
7.37,2.91,5.35,1
4.44,3.42,6.94,0
9.98,1.81,6.93,1
8.77,1.11,8.26,1
3.29,4.03,7.31,1
11.36,5.08,6.12,1
9.61,5.09,6.84,1
8.03,3.57,7.09,1
6.61,2.36,6.49,1
10.44,2.28,6.19,1
11.85,3.78,5.86,1
8.01,5.59,6.1,1
3.83,2.7,7.76,0
3.71,0.81,8.18,0
7.72,2.26,7.64,0
5.61,2.67,7.07,0
9.86,3.15,7.07,1
9.99,2.28,7.52,1
11.89,3.89,5.16,1
5.19,3.92,5.79,0
4.91,3.51,7.3,0
5.56,4.84,7.45,1
10.81,4.07,8.89,1
11.7,3.58,8.65,1
6.2,2.16,5.74,1
6.08,2.66,6.84,1
6.84,2.22,5.09,0
11.19,2.87,7.45,1
9.54,4.71,6.35,1
4.66,4.69,7.05,1
4.21,5.15,5.33,1
9.88,0.58,7.84,1
6.85,4.77,7.74,1
10.44,0.73,6.28,1
6.58,2.18,6.4,1
4.02,4.78,5.11,1
5.25,4.3,7.73,1
9.54,5.86,6.98,1
9.92,0.78,8.82,1
3.11,3.24,7.24,0
3.71,3.8,7.29,0
10.68,4.17,8.64,1
4.6,3.0,4.92,0
5.64,1.24,6.87,0
11.88,3.16,8.94,1
7.68,3.98,7.24,0
9.64,1.64,4.7,1
5.29,0.87,7.95,0
10.5,5.57,4.66,1
10.52,2.15,6.91,1
6.05,2.56,7.23,0
3.78,5.32,5.86,1
7.55,4.89,6.03,1
4.85,0.7,5.02,0
3.93,4.71,7.91,1
9.96,4.19,5.02,1
11.49,4.92,5.9,1
3.95,0.8,7.18,0
10.36,4.42,8.88,1
9.16,4.41,5.51,1
10.1,5.35,6.64,1
7.57,2.73,7.0,0
7.93,5.86,8.16,1
9.65,4.42,7.18,1
8.38,4.27,5.97,1
7.08,2.1,5.43,1
11.91,3.7,8.31,1
10.39,2.48,5.56,1
7.91,4.14,6.23,1
8.84,1.29,8.89,1
7.09,2.83,5.52,1
8.19,0.68,6.16,1
3.7,5.39,7.84,1
10.01,3.08,7.8,1
9.54,3.6,5.26,1
4.14,0.92,7.27,0
6.33,1.46,5.31,0
9.93,1.81,5.45,1
6.59,2.16,6.9,0
6.44,2.24,4.94,1
10.22,1.9,7.54,1
3.1,0.55,6.86,0
3.21,1.01,8.26,0
11.06,4.33,8.71,1
10.03,2.03,8.98,1
4.61,3.21,5.48,0
3.63,4.5,6.74,1
11.14,3.66,6.71,1
4.09,3.44,5.86,0
3.72,3.03,5.29,0
7.38,5.37,4.66,1
11.68,4.96,6.03,1
11.32,0.7,6.62,1
11.14,5.01,8.26,1
6.04,5.1,5.04,1
6.02,1.16,7.63,0
10.0,0.59,5.31,1
8.76,3.38,7.25,1
3.04,1.8,4.93,0
4.01,1.32,6.74,0
6.01,4.93,7.83,1
9.49,3.76,7.55,1
10.83,2.57,6.68,1
4.23,4.46,5.41,1
7.13,1.44,7.22,0
7.4,5.98,5.76,1
11.03,3.75,4.52,1
7.31,4.89,5.58,1
5.15,5.99,5.23,1
4.66,5.29,4.51,1
9.78,4.34,5.43,1
6.45,3.06,7.42,1
4.02,3.13,8.82,0
6.36,2.99,6.62,0
3.79,2.65,4.85,0
11.57,0.62,8.69,1
3.2,4.91,6.01,1
8.11,5.44,5.52,1
11.61,3.9,5.32,1
6.97,2.53,7.49,1
6.64,3.25,5.94,1
10.2,4.51,5.01,1
8.56,1.71,7.24,1
10.65,4.22,6.27,1
9.44,2.85,6.05,1
10.23,2.09,6.41,1
7.27,5.27,8.82,1
7.16,3.62,8.25,1
5.02,4.85,7.38,1
11.16,4.05,6.72,1
11.77,5.0,4.58,1
6.22,0.79,8.8,0
9.88,3.79,5.92,1
10.41,0.57,6.68,1
10.61,4.42,6.38,1
4.25,2.93,8.87,0
9.19,2.19,6.41,1
3.3,4.13,8.59,1
8.29,1.6,5.16,1
7.54,0.88,6.88,0
10.66,3.11,7.53,1
6.67,4.69,6.84,1
4.04,2.06,8.89,0
11.45,2.52,7.52,1
6.61,3.75,8.9,1
10.54,4.49,7.12,1
5.51,4.72,6.74,1
11.75,2.6,7.3,1
8.96,3.2,8.37,1
5.83,2.57,7.0,0
9.44,3.18,7.47,1
7.45,5.84,8.9,1
9.89,3.94,8.96,1
8.33,5.51,6.02,1
9.26,3.73,6.26,1
10.3,4.17,8.86,1
5.68,3.65,8.81,0
7.28,1.65,5.86,0
5.26,3.33,8.46,0
5.41,4.01,8.58,1
4.35,4.27,5.93,1
5.31,3.81,5.36,0
4.82,2.0,5.75,0
5.83,2.14,8.54,0
11.4,3.37,8.69,1
10.25,4.59,4.98,1
9.3,1.12,5.61,1
10.57,4.14,8.05,1
10.72,2.64,8.9,1
8.68,5.34,4.65,1
10.89,5.01,6.78,1
9.86,4.03,7.38,1
5.25,4.42,5.09,1
5.35,4.28,5.39,1
8.82,3.95,5.39,1
11.62,1.44,6.87,1
4.71,5.24,6.72,1
6.76,2.75,5.68,0
4.2,2.28,7.71,0
3.47,5.62,7.23,1
5.72,2.67,7.02,0
3.81,4.41,5.91,1
8.52,4.69,8.52,1
3.49,1.51,6.6,0
10.61,5.27,8.41,1
6.75,0.92,8.49,1
10.53,1.35,7.47,1
5.92,4.52,7.06,1
7.92,3.81,5.58,1
8.82,5.75,8.1,1
10.49,3.32,6.64,1
3.84,3.32,7.41,0
3.71,4.91,7.58,1
3.97,2.84,7.06,0
4.62,1.5,8.45,0
4.9,0.93,7.53,0
7.14,2.73,7.77,1
4.13,0.58,8.87,0
4.72,2.16,4.6,0
8.27,1.61,4.73,1
11.99,0.7,7.76,1
7.98,1.97,5.03,0
9.54,3.08,7.14,1
11.64,5.08,8.08,1
4.8,3.83,8.97,0
9.09,1.46,8.13,1
11.94,4.82,7.01,1
11.66,4.66,7.24,1
10.84,5.51,6.49,1
4.11,1.61,4.53,0
9.44,2.78,7.89,1
11.57,3.34,6.49,1
6.61,4.75,4.67,1
10.86,4.47,8.22,1
10.99,3.93,6.05,1
6.51,4.45,6.93,1
11.01,3.47,5.87,1
6.19,0.76,5.84,1
9.0,4.98,6.2,1
4.32,2.84,6.41,0
7.67,2.67,6.41,0
7.36,3.02,6.88,1
3.99,2.53,5.03,0
3.44,5.42,8.19,1
8.16,3.61,6.64,1
4.34,4.5,7.31,1
8.81,5.26,8.08,1
8.19,0.79,6.64,1
5.21,4.38,8.13,1
4.62,0.63,4.91,0
5.76,2.74,5.96,0
5.32,5.68,5.58,1
5.87,3.54,7.35,0
5.74,2.74,5.42,0
3.38,4.97,7.44,1
11.99,5.13,5.77,1
10.47,4.49,5.45,1
8.96,2.27,5.98,1
6.72,5.42,6.92,1
10.45,2.47,7.64,1
9.83,4.24,8.17,1
5.53,5.47,5.38,1
8.94,3.61,4.79,1
11.93,4.31,7.02,1
5.47,4.24,7.92,1
4.75,0.95,7.82,0
3.57,3.94,4.61,0
11.63,5.08,5.57,1
11.25,2.58,8.02,1
8.03,2.12,7.88,1
10.16,5.34,8.72,1
8.36,0.87,7.08,1
4.24,0.74,6.81,0
8.43,2.1,7.46,1
11.79,4.02,5.35,1
4.46,3.0,5.49,0
9.61,5.74,5.42,1
4.28,2.92,6.12,0
6.06,3.55,8.29,0
5.75,1.82,8.74,0
10.15,1.55,7.2,1
5.22,3.96,6.79,0
6.49,5.35,6.84,1
8.23,4.01,5.43,1
11.0,3.64,6.98,1
7.19,3.92,6.34,0
5.39,0.92,6.76,0
6.24,3.5,5.63,1
5.54,2.41,8.2,0
9.51,1.65,6.99,1
4.89,2.97,7.1,0
6.77,4.27,6.92,1
11.82,1.62,5.35,1
9.07,1.48,4.62,1
8.94,0.88,5.27,1
6.5,5.47,5.89,1
5.48,0.54,6.3,0
9.64,2.08,7.65,1
7.12,5.51,6.27,1
9.28,4.47,8.97,1
4.48,1.64,7.37,0
3.1,1.13,7.87,0
10.38,5.13,4.95,1
9.1,1.34,4.66,1
7.0,3.79,5.41,0
11.9,2.35,5.49,1
7.61,4.99,7.31,1
5.91,0.58,5.46,0
6.7,4.72,7.71,1
5.99,3.99,8.33,0
7.53,4.38,7.92,1
6.37,2.13,4.67,0
8.79,4.68,7.42,1
7.85,5.49,7.59,1
3.58,3.2,8.96,0
6.84,3.07,6.41,0
3.72,5.85,6.49,1
10.69,4.67,5.19,1
8.06,3.14,5.38,1
11.46,5.84,7.38,1
4.75,2.9,7.75,0
5.18,0.69,7.54,0
8.42,5.73,7.97,1
10.47,1.89,7.46,1
10.33,1.98,7.65,1
7.72,4.1,6.19,1
4.67,0.82,5.67,0
3.77,1.19,5.56,0
7.7,0.54,7.93,1
12.0,4.99,6.2,1
9.53,5.38,8.41,1
3.03,4.01,7.35,1
6.6,3.87,8.69,0
3.29,3.24,8.98,0
5.17,1.66,4.9,0
8.99,5.73,8.65,1
8.8,2.57,6.22,1
5.62,1.11,5.35,0
8.31,1.54,7.97,1
7.84,3.03,8.27,0
5.78,5.95,7.68,1
4.37,4.44,5.51,1
11.92,3.51,8.96,1
9.31,3.51,8.06,1
8.19,2.93,5.44,1
6.39,5.9,4.75,1
11.73,3.95,5.58,1
5.48,4.09,4.87,1
5.46,4.6,6.68,1
4.66,4.97,6.91,1
4.63,3.8,8.1,0
10.66,0.69,6.14,1
11.52,3.36,6.5,1
8.96,0.75,8.35,1
3.67,1.9,6.3,0
11.96,4.33,7.46,1
3.23,3.82,4.99,0
4.32,4.89,8.91,1
3.86,2.42,5.72,0
7.97,5.35,5.67,1
3.48,4.49,5.62,1
5.58,5.74,8.66,1
8.71,0.92,7.09,1
11.39,1.25,7.55,1
9.32,4.62,8.78,1
11.13,1.46,6.09,1
10.49,5.18,6.67,1
10.43,0.69,6.7,1
6.15,4.47,6.44,1
4.4,4.11,5.85,1
4.46,2.45,8.42,0
11.11,1.38,7.49,1
7.52,5.58,4.99,1
6.87,3.78,5.77,0
10.78,5.97,5.39,1
5.06,1.23,8.68,0
5.76,3.98,6.66,0
11.49,4.41,5.32,1
11.18,1.05,6.14,1
9.69,3.74,5.74,1
4.74,2.95,7.29,0
6.76,4.41,8.31,1
6.77,5.62,7.2,1
7.46,3.43,6.47,1
3.03,3.65,8.68,0
9.37,3.54,5.57,1
11.91,1.65,7.35,1
5.92,0.81,5.49,0
10.83,3.99,5.49,1
6.32,5.46,5.33,1
4.47,1.48,4.81,0
4.24,4.63,6.23,1
5.41,5.66,4.54,1
9.84,5.41,6.66,1
7.9,1.06,4.51,1
5.03,5.33,8.2,1
3.69,2.34,4.88,0
4.35,4.17,6.07,1
10.1,5.24,5.16,1
11.64,2.03,5.32,1
4.24,5.69,6.97,1
7.74,4.77,4.89,1
3.54,2.42,8.19,0
3.5,1.26,6.2,0
3.27,2.51,7.06,0
9.29,2.15,8.02,1
7.53,0.56,8.44,0
5.45,1.01,7.84,0
7.3,4.09,4.75,1
8.43,5.16,6.94,1
5.16,0.97,8.94,0
11.63,3.25,6.1,1
7.29,5.28,7.57,1
9.92,1.39,7.78,1
6.24,5.21,7.98,1
3.88,0.58,8.4,0
3.61,3.67,7.7,0
3.36,5.22,8.63,1
7.55,1.95,7.29,0
6.38,3.64,8.43,0
9.59,5.55,5.4,1
4.03,3.0,5.15,0
11.81,1.67,7.91,1
6.65,2.14,6.86,1
4.48,2.42,7.6,0
3.7,4.17,8.94,1
10.13,4.21,8.95,1
6.78,3.5,6.07,0
7.52,5.27,6.55,1
7.13,2.55,6.46,0
8.85,3.89,7.88,1
5.01,3.0,6.61,0
10.04,3.29,5.88,1
4.38,2.56,7.2,0
10.46,4.91,7.36,1
9.39,1.19,6.26,1
3.84,2.91,4.63,0
11.85,3.99,7.44,1
5.47,5.64,7.11,1
5.36,1.49,8.61,0
4.89,2.81,6.53,0
7.36,3.88,7.84,0
4.03,1.69,7.77,0
8.87,3.07,8.76,1
4.49,1.63,6.51,0
8.1,2.56,5.25,1
4.03,4.95,5.6,1
9.45,1.68,5.55,1
9.45,5.7,7.08,1
3.45,3.22,5.04,0
5.57,4.04,8.6,1
3.63,1.02,5.74,0
6.54,4.33,8.85,1
4.25,5.96,5.52,1
4.0,5.71,7.26,1
5.87,1.31,8.53,0
11.79,2.27,5.69,1
3.54,0.57,5.35,0
8.9,5.16,8.63,1
5.5,1.4,7.42,0
4.68,0.66,5.7,0
7.57,0.79,7.42,0
7.77,3.21,7.41,0
3.91,1.75,6.26,0
10.07,2.41,7.8,1
4.53,4.25,6.55,1
9.11,5.19,7.12,1
7.53,4.65,8.12,1
7.13,5.05,6.83,1
8.93,1.28,7.83,1
11.69,5.32,6.52,1
11.51,2.02,7.66,1
7.49,4.27,8.85,1
3.14,0.73,4.74,0
6.15,2.06,7.96,1
5.62,0.68,7.55,0
4.56,2.9,5.13,0
5.68,5.6,8.02,1
7.22,2.85,4.62,0
10.08,3.69,8.55,1
7.17,4.7,4.88,1
10.78,1.17,7.73,1
5.71,2.21,6.68,0
5.22,1.07,6.26,0
10.73,3.89,5.33,1
5.61,1.05,5.74,0
4.08,2.64,7.43,0
5.49,5.9,6.76,1
7.14,5.22,7.46,1
8.18,5.6,5.08,1
10.67,1.38,8.7,1
9.8,2.81,5.02,1
9.29,2.58,5.4,1
6.91,3.41,4.61,1
10.78,2.37,7.78,1
10.68,4.91,8.43,1
5.08,3.81,8.73,0
7.81,1.83,5.91,1
3.29,2.82,4.77,0
10.25,3.6,8.13,1
9.51,1.07,6.08,1
7.81,5.23,6.99,1
7.95,1.14,8.57,0
5.04,4.61,7.06,1
6.95,2.05,8.51,0
11.45,1.63,8.54,1
7.74,1.97,4.74,1
11.21,5.13,6.99,1
8.85,3.0,4.65,1
7.46,5.25,5.43,1
11.44,5.51,8.23,1
10.27,3.54,5.79,1
9.71,5.59,8.1,1
3.35,2.01,7.44,0
7.16,2.92,6.66,1
5.83,0.85,5.74,0
5.09,4.1,6.48,1
9.11,5.22,7.2,1
5.93,2.54,7.39,0
7.24,5.85,4.7,1
10.05,4.42,7.12,1
11.98,3.97,5.05,1
4.76,3.66,8.1,0
6.26,2.44,7.44,0
9.99,2.74,5.67,1
8.18,3.98,8.44,1
10.5,0.63,6.82,1
5.17,2.11,6.01,0
11.55,5.51,6.46,1
8.34,2.53,6.47,1
3.43,3.35,8.68,0
6.87,2.03,6.06,0
11.45,1.93,5.54,1
11.64,3.47,8.25,1
10.48,2.12,8.3,1
11.72,4.92,4.83,1
3.9,4.38,7.01,1
10.85,1.71,6.68,1
3.61,3.57,6.38,0
8.91,1.49,5.81,1
4.97,5.8,6.39,1
8.95,2.41,8.47,1
7.57,5.39,7.97,1
5.41,4.51,5.89,1
4.16,3.47,6.21,0
6.26,1.59,8.37,1
9.6,5.67,8.73,1
3.22,3.97,7.87,0
7.54,4.37,7.84,1
10.06,2.84,6.57,1
3.84,5.82,8.58,1
9.43,2.99,7.97,1
3.86,1.43,5.62,0
6.71,4.57,7.6,1
5.82,4.09,6.81,1
4.46,4.61,8.87,1
6.76,0.55,7.74,0
7.71,1.62,6.84,0
3.09,2.79,8.9,0
8.62,3.77,8.48,1
6.31,4.72,7.39,1
8.07,1.2,6.22,1
10.05,5.94,5.16,1
10.27,2.84,7.92,1
5.85,0.93,5.25,0
9.17,3.57,4.61,1
10.89,5.56,8.7,1
5.96,5.51,4.56,1
5.47,0.81,7.73,0
10.27,0.71,5.19,1
6.99,4.41,5.75,1
11.08,1.43,6.15,1
4.33,1.97,7.24,0
6.16,2.38,7.05,0
8.32,5.81,5.48,1
9.73,4.56,5.79,1
4.59,2.12,6.7,0
4.4,3.63,7.41,0
5.32,3.07,7.46,0
8.92,5.46,6.11,1
4.68,2.47,7.88,0
5.27,2.55,5.85,0
11.59,2.7,8.65,1
10.1,0.8,5.14,1
5.71,0.94,4.91,0
3.9,3.52,6.63,0
6.6,2.3,8.43,0
9.91,2.53,7.25,1
3.4,2.16,5.31,0
4.62,2.69,8.13,0
8.17,2.61,8.82,1
8.43,4.91,6.63,1
10.83,0.94,7.68,1
5.54,1.17,8.5,0
4.61,2.46,7.36,0
7.81,1.19,8.52,0
6.36,1.31,8.47,1
3.2,5.73,8.47,1
7.85,4.87,7.08,1
8.44,5.5,6.33,1
3.87,1.74,7.25,0
7.28,3.57,8.2,0
5.3,0.68,7.34,0
7.06,3.07,7.31,1
11.29,1.22,4.94,1
7.95,2.44,5.75,1
7.45,3.05,8.66,1
9.15,1.04,6.38,1
11.51,2.29,6.62,1
6.32,5.31,8.65,1
9.15,2.94,6.58,1
3.06,0.68,8.98,0
9.43,2.91,8.15,1
4.31,1.94,5.0,0
5.38,2.32,7.69,0
9.3,3.63,5.17,1
8.11,2.18,5.19,1
3.25,1.66,5.67,0
11.75,4.04,6.86,1
3.13,5.71,5.51,1
8.12,4.01,8.19,1
6.59,1.04,6.99,0
10.18,1.5,5.53,1
9.6,5.55,5.86,1
10.93,0.78,6.65,1
8.24,5.24,8.0,1
8.41,3.21,6.81,1
7.53,3.94,5.32,1
3.59,2.88,6.49,0
7.52,2.26,5.85,0
10.07,5.19,8.81,1
11.41,5.09,7.77,1
3.5,2.75,6.56,0
3.21,2.85,7.83,0
4.44,4.48,8.78,1
3.53,0.81,6.47,0
10.42,5.31,7.03,1
4.26,4.73,7.83,1
5.05,2.49,5.67,0
10.18,5.07,6.18,1
8.71,4.54,8.01,1
10.36,3.06,5.18,1
11.0,2.71,6.25,1
7.79,4.09,8.66,1
3.24,3.81,6.93,0
6.82,1.99,6.1,1
6.42,2.96,6.21,0
11.47,4.57,6.37,1
11.5,0.59,8.83,1
5.06,4.36,8.44,1
8.08,1.2,7.93,1
10.41,2.81,5.18,1
5.75,3.94,5.94,0
7.86,4.69,4.95,1
10.71,3.45,7.37,1
6.29,3.87,7.87,0
9.69,4.44,5.62,1
7.65,5.93,5.98,1
3.13,3.99,6.29,0
7.08,1.95,7.45,1
7.11,1.03,5.68,0
10.47,1.16,6.06,1
4.28,4.24,7.85,1
9.24,5.98,7.56,1
3.44,5.83,6.85,1
9.38,4.17,7.17,1
6.52,1.38,5.62,1
4.85,1.28,7.37,0
5.69,1.19,4.82,0
6.83,1.43,6.69,0
10.53,5.8,8.39,1
11.85,0.96,5.59,1
8.05,5.11,8.66,1
6.25,4.2,6.27,1
9.02,0.64,8.76,1
6.17,5.81,5.96,1
9.78,4.8,4.9,1
8.76,2.22,6.22,1
3.14,1.54,7.39,0
9.4,5.53,5.16,1
8.52,5.84,8.22,1
5.21,1.74,4.56,0
11.99,1.56,6.3,1
6.28,5.59,4.85,1
9.38,3.44,5.53,1
7.14,2.91,8.98,1
3.57,2.45,5.63,0
8.96,2.2,5.55,1
9.41,2.47,7.26,1
10.52,0.66,5.99,1
4.25,2.39,7.68,0
6.16,4.06,4.92,1
3.02,5.92,5.88,1
4.64,1.7,8.61,0
8.6,5.64,5.04,1
4.74,1.35,6.55,0
6.29,1.82,6.32,0
11.21,3.6,7.91,1
6.64,2.57,5.95,0
4.69,0.99,7.07,0
4.69,5.8,8.43,1
7.12,1.52,7.71,0
11.1,1.14,7.47,1
4.4,3.79,8.65,0
6.68,0.56,8.29,0
4.16,4.29,5.22,1
11.6,4.43,5.79,1
10.62,1.6,6.65,1
5.18,3.88,7.19,0
11.54,2.38,6.08,1
5.03,3.95,4.61,0
11.68,0.81,6.9,1
9.16,0.53,6.24,1
11.43,4.05,6.52,1
7.31,5.44,5.51,1
6.89,2.15,8.46,0
10.95,3.03,6.59,1
8.12,5.71,6.14,1
4.27,1.1,8.25,0
8.94,5.65,4.61,1
8.18,4.9,5.61,1
10.08,0.97,4.74,1
10.57,2.5,8.23,1
11.11,1.34,7.28,1
11.18,1.03,6.63,1
7.03,0.61,6.05,0
9.1,5.54,8.82,1
3.14,5.4,8.33,1
3.47,1.81,6.45,0
3.28,5.3,7.08,1
9.27,2.35,8.03,1
5.4,5.52,7.5,1
4.59,0.86,4.89,0
8.68,2.32,4.75,1
3.03,4.85,4.86,1
7.22,4.52,6.49,1
9.3,4.37,5.95,1
4.96,1.88,4.53,0
6.1,4.53,4.86,1
9.28,3.83,7.77,1
5.82,6.0,4.69,1
7.07,1.28,4.61,1
6.91,5.0,8.76,1
3.2,2.66,6.97,0
7.39,4.16,8.79,1
7.41,5.76,5.9,1
10.26,5.25,4.78,1
10.08,3.55,5.37,1
8.07,5.4,6.23,1
3.6,2.64,7.7,0
8.06,4.81,5.91,1
9.62,1.57,8.06,1
8.86,4.69,8.59,1
11.43,3.01,5.78,1
7.29,1.28,4.61,0
5.92,4.66,7.75,1
4.47,4.43,6.11,1
7.72,4.03,8.2,1
8.8,3.57,5.51,1
5.91,4.66,7.94,1
8.31,1.65,7.66,1
3.07,3.95,6.18,0
11.08,2.66,6.5,1
10.24,4.59,7.07,1
3.49,3.94,5.64,0
11.52,2.64,7.21,1
10.96,5.19,8.76,1
4.94,1.55,4.84,0
7.11,5.63,5.04,1
9.52,3.0,5.73,1
9.1,0.66,6.36,1
9.47,1.61,8.83,1
10.13,4.44,4.9,1
9.54,3.47,6.33,1
9.08,2.74,5.64,1
11.01,2.39,5.15,1
3.74,2.8,4.69,0
7.4,2.29,8.72,0
4.4,4.32,8.52,1
10.43,3.48,4.61,1
11.56,2.82,7.64,1
8.72,3.76,6.75,1
11.54,4.27,8.83,1
7.09,4.62,4.65,1
9.15,3.76,6.78,1
9.28,3.2,5.23,1
7.38,0.53,8.57,1
5.06,2.95,4.96,0
10.15,2.86,6.16,1
3.6,0.98,6.64,0
8.13,4.16,6.18,1
3.36,1.61,6.26,0
3.08,5.34,8.37,1
4.55,3.54,4.82,0
8.1,1.86,6.13,1
4.73,4.5,8.26,1
5.59,4.75,4.8,1
7.18,4.94,6.91,1
11.31,3.83,6.61,1
11.41,5.31,8.67,1
9.08,2.03,5.35,1
9.41,3.54,6.84,1
6.37,2.65,6.57,0
11.85,0.52,8.68,1
11.83,3.95,6.47,1
5.5,3.52,8.67,0
11.79,4.46,5.49,1
7.98,2.24,8.21,1
3.86,5.15,5.25,1
7.02,1.78,6.5,1
6.93,5.31,6.78,1
4.52,2.72,5.73,0
8.81,0.86,7.07,1
5.29,1.76,6.65,0
3.43,1.76,7.27,0
4.27,2.9,6.34,0
7.23,2.83,8.83,0
10.01,3.54,6.9,1
7.51,5.42,6.61,1
7.09,4.41,7.23,1
10.19,4.23,6.32,1
11.43,1.42,4.66,1
5.7,0.63,5.47,0
4.28,5.45,6.3,1
5.21,1.3,6.18,0
6.19,3.32,8.41,0
4.31,4.41,5.48,1
5.56,0.78,6.47,0
8.95,2.92,5.14,1
5.73,5.74,6.38,1
4.47,0.71,5.49,0
10.66,5.76,8.5,1
5.04,0.62,6.79,0
8.0,5.14,6.59,1
6.77,2.32,6.67,1
6.73,5.88,5.89,1
5.58,3.86,5.97,0
7.43,1.01,7.42,1
8.99,0.98,4.95,1
10.42,3.2,8.27,1
3.87,3.84,8.33,0
6.76,5.62,7.5,1
8.29,1.15,5.17,1
6.92,1.17,6.98,0
6.52,2.4,8.12,1
10.34,4.6,8.81,1
3.84,5.32,5.13,1
9.94,3.97,6.18,1
9.12,5.22,6.26,1
7.09,4.46,7.9,1
11.23,3.85,7.16,1
6.55,0.52,8.2,1
11.46,0.59,7.95,1
7.81,3.54,8.67,0
3.72,4.06,5.08,1
4.84,1.4,5.89,0
3.59,4.74,5.31,1
10.07,2.46,8.13,1
6.08,3.37,8.96,1
9.98,2.71,6.68,1
6.49,4.03,6.54,1
11.73,5.24,7.18,1
10.08,4.01,6.42,1
5.53,5.17,6.14,1
4.66,1.01,7.2,0
8.19,3.7,5.9,1
9.77,0.72,7.46,1
7.22,2.49,7.16,0
7.23,4.51,8.2,1
7.43,1.81,6.25,1
5.42,3.89,5.65,0
9.22,3.67,8.85,1
9.16,1.23,7.09,1
4.86,1.29,8.41,0
10.72,1.3,7.5,1
6.9,1.37,7.87,0
4.59,4.73,4.79,1
10.56,5.8,6.47,1
7.59,5.64,6.85,1
8.1,5.37,8.14,1
4.34,0.61,6.39,0
5.26,4.93,7.51,1
11.01,2.29,7.92,1
5.08,5.27,8.98,1
4.97,1.03,6.34,0
8.51,1.01,7.86,1
11.34,3.19,8.49,1
11.41,4.64,7.83,1
9.64,4.53,5.1,1
6.3,4.66,6.44,1
6.37,3.43,4.99,0
9.3,1.41,8.48,1
8.94,1.69,8.27,1
5.66,4.75,7.12,1
3.48,1.49,5.58,0
3.75,3.39,6.97,0
7.66,3.94,6.96,1
9.89,4.79,8.38,1
7.33,4.93,7.41,1
6.41,1.13,7.89,1
11.19,0.92,6.76,1
3.4,0.77,6.2,0
8.07,1.8,5.53,1
9.57,3.54,6.33,1
4.66,0.85,5.05,0
11.66,4.04,8.46,1
5.18,4.2,7.55,1
3.19,5.34,7.75,1
10.86,5.02,6.25,1
6.06,4.26,8.6,1
8.18,4.98,7.97,1
7.19,5.07,4.67,1
11.73,5.03,7.14,1
9.4,3.0,5.06,1
4.21,4.04,6.33,1
7.16,3.25,8.39,0
6.01,2.78,6.86,1
10.41,3.78,8.63,1
3.69,3.82,7.38,0
7.3,5.11,6.33,1
5.48,2.36,4.66,0
10.0,2.36,6.46,1
11.45,5.69,8.48,1
9.16,0.9,8.79,1
7.95,2.9,6.68,1
4.04,2.17,8.93,0
4.91,4.05,4.96,1
10.23,2.07,8.98,1
10.47,4.03,7.54,1
8.21,4.0,7.04,1
4.66,4.79,5.14,1
4.4,4.02,8.51,1
5.93,4.14,8.54,1
11.64,5.38,7.63,1
7.9,1.31,6.98,0
7.34,2.84,5.16,1
6.59,1.32,8.32,1
3.06,5.19,8.48,1
10.33,2.34,4.72,1
10.72,2.27,8.38,1
4.98,2.04,6.49,0
9.87,2.76,4.59,1
8.09,5.63,4.6,1
3.8,1.23,8.69,0
7.18,1.63,7.55,0
10.43,5.89,6.96,1
5.67,1.96,8.39,0
5.48,5.97,5.63,1
9.01,1.44,5.23,1
5.35,5.62,6.03,1
10.87,3.47,5.3,1
7.44,4.37,6.31,1
7.66,4.94,7.94,1
5.95,1.38,7.47,0
9.59,3.38,8.92,1
8.61,3.48,8.79,1
7.57,2.11,6.02,0
7.07,3.5,8.61,1
7.3,3.47,8.7,1
7.43,3.48,6.46,0
10.11,3.43,7.4,1
9.8,2.65,6.55,1
10.67,1.98,6.57,1
8.71,1.23,5.71,1
5.35,4.26,7.93,1
6.63,3.74,6.88,1
3.23,4.05,8.77,1
3.07,2.19,8.52,0
4.79,5.08,8.07,1
3.97,5.05,5.28,1
10.66,0.75,8.31,1
7.11,3.89,7.16,1
6.25,1.79,7.95,1
10.78,3.71,6.93,1
11.85,5.41,7.8,1
5.74,3.88,7.62,0
6.35,1.76,8.81,1
3.05,2.37,7.35,0
8.55,2.62,5.15,1
4.35,0.54,7.82,0
10.27,1.08,5.07,1
3.53,4.56,6.37,1
4.49,3.09,6.55,0
8.06,1.96,7.07,1
5.17,1.06,7.73,0
10.08,4.51,8.85,1
10.93,5.75,7.46,1
8.88,4.36,8.53,1
9.52,3.05,5.23,1
8.5,4.49,8.21,1
3.5,1.86,6.87,0
11.51,3.35,7.54,1
10.95,1.96,8.73,1
9.24,4.47,6.11,1
11.8,1.8,7.08,1
10.85,3.64,8.01,1
4.79,2.02,4.76,0
9.18,3.25,6.29,1
6.69,4.64,7.97,1
3.38,3.9,6.04,0
8.15,2.87,7.47,1
3.81,0.62,6.86,0
6.38,0.59,8.31,0
4.15,4.32,4.94,1
7.86,2.63,8.31,0
6.8,2.49,6.73,0
10.76,0.62,5.77,1
3.29,0.82,8.57,0
8.61,2.54,6.07,1
10.53,1.88,7.0,1
10.25,4.55,6.52,1
10.31,4.19,4.64,1
7.58,2.75,7.71,1
4.8,2.7,4.58,0
8.37,3.23,6.0,1
6.93,1.32,5.58,1
3.9,5.81,4.81,1
3.18,4.1,8.74,1
9.01,4.39,5.65,1
11.91,4.01,7.16,1
11.6,1.32,6.68,1
9.63,5.82,7.12,1
10.63,5.76,4.73,1
8.95,4.13,5.67,1
8.36,5.37,5.16,1
11.35,5.42,7.91,1
6.94,0.56,5.67,0
8.07,2.15,7.51,1
8.04,3.28,7.1,1
5.06,1.15,7.11,0
9.07,4.95,7.75,1
10.96,5.59,7.24,1
7.61,1.33,6.02,1
7.92,0.5,8.0,0
11.87,2.67,6.87,1
4.93,5.06,7.76,1
4.92,4.46,8.91,1
11.19,2.48,6.73,1
5.46,4.83,6.62,1
8.35,3.65,6.93,1
6.99,2.78,5.52,1
8.55,3.46,8.89,1
5.95,3.74,4.72,0
11.95,1.86,4.7,1
9.77,3.55,5.62,1
6.41,0.54,7.08,0
11.28,5.99,8.56,1
10.1,1.94,5.9,1
10.04,2.2,8.02,1
10.88,4.81,6.38,1
3.08,5.63,5.03,1
5.8,1.24,4.62,0
7.8,3.34,7.92,1
11.92,1.2,7.18,1
10.13,5.19,5.16,1
6.08,2.87,8.4,1
4.57,1.2,5.55,0
5.29,4.09,7.83,1
11.41,5.92,7.94,1
9.88,1.84,7.84,1
6.18,0.57,4.8,1
3.3,3.85,7.74,0
3.32,5.56,4.97,1
11.9,2.03,6.12,1
7.28,3.91,4.98,0
11.64,3.32,6.24,1
7.33,4.37,8.28,1
9.73,2.6,8.57,1
5.14,4.86,7.41,1
11.32,4.41,5.16,1
9.22,2.62,8.6,1
7.93,5.0,4.92,1
8.31,4.65,8.02,1
10.49,4.85,7.98,1
11.49,5.74,4.84,1
3.66,5.48,8.4,1
5.92,2.69,5.71,0
6.87,3.52,6.9,1
5.11,2.88,7.05,0
6.34,3.75,4.85,0
4.19,5.35,8.32,1
7.98,0.53,6.16,1
7.38,2.1,6.7,0
8.48,3.76,5.3,1
9.49,2.52,6.99,1
3.03,3.68,6.74,0
4.98,4.37,4.74,1
11.28,3.86,5.76,1
9.45,1.82,6.25,1
3.82,3.66,8.3,0
3.73,5.34,8.18,1
7.16,4.95,4.52,1
9.29,1.75,6.85,1
5.51,3.1,4.9,0
4.92,4.74,6.0,1
3.62,5.41,8.06,1
3.54,5.24,7.85,1
4.76,2.17,6.22,0
5.98,0.79,7.67,0
4.44,3.61,4.65,0
11.01,1.05,8.01,1
9.34,2.95,5.3,1
9.29,0.96,4.87,1
10.74,4.68,5.94,1
3.29,2.05,7.94,0
8.8,5.52,4.72,1
4.83,5.43,5.07,1
5.7,3.87,7.44,0
9.17,2.37,4.65,1
11.49,5.5,6.24,1
9.25,1.19,5.37,1
6.53,3.02,6.0,0
11.87,2.22,5.79,1
4.97,1.72,4.57,0
3.05,4.7,6.8,1
4.98,1.25,7.55,0
3.79,3.76,5.25,0
7.12,2.45,8.92,1
10.21,5.13,4.53,1
11.16,3.38,6.7,1
4.9,2.54,7.15,0
6.44,3.34,7.98,0
8.48,1.35,5.28,1
4.51,4.65,6.98,1
3.53,0.99,7.45,0
8.2,4.41,7.81,1
4.97,1.22,8.33,0
3.84,2.35,5.39,0
6.2,5.47,5.09,1
7.23,2.58,5.22,0
10.39,0.87,7.05,1
6.3,3.56,8.29,0
11.37,0.96,6.13,1
6.52,1.58,7.73,0
4.17,1.43,5.03,0
9.26,1.97,8.33,1
9.52,5.49,7.07,1
11.53,5.86,4.76,1
3.7,4.39,6.75,1
11.25,3.6,6.54,1
6.93,3.6,6.24,1
4.14,1.47,7.64,0
9.84,3.78,7.09,1
10.83,2.02,7.15,1
8.86,3.71,8.73,1
7.08,2.77,4.97,1
11.28,1.28,6.97,1
9.65,1.47,6.57,1
9.22,2.76,5.16,1
6.66,1.57,4.78,0
3.57,5.6,7.46,1
3.59,1.52,5.38,0
10.26,4.32,4.66,1
4.58,4.46,7.77,1
10.45,5.23,5.17,1
3.01,2.5,8.52,0
3.78,2.43,8.58,0
10.26,5.06,4.56,1
11.67,3.21,8.65,1
6.98,1.94,8.84,0
5.28,1.35,7.83,0
4.65,5.39,6.17,1
7.78,1.99,4.97,1
5.92,0.57,6.23,0
8.91,2.62,6.64,1
6.85,4.46,8.63,1
8.32,2.98,4.77,1
9.0,0.89,5.11,1
11.15,3.91,6.54,1
7.41,3.16,7.97,1
7.81,3.11,8.28,0
8.67,2.6,6.81,1
4.43,3.72,6.07,0
9.4,0.51,6.28,1
8.34,5.58,8.17,1
6.66,2.44,4.67,0
3.71,5.36,7.06,1
4.61,2.42,6.36,0
10.56,4.7,5.77,1
5.77,1.92,7.25,0
5.48,2.98,8.45,0
8.34,3.25,7.76,1
3.93,0.54,5.08,0
11.09,3.35,8.03,1
3.09,2.16,6.22,0
3.96,4.78,6.0,1
8.65,5.12,6.44,1
7.97,1.54,5.5,0
11.01,1.55,7.83,1
4.87,1.09,7.71,0
10.12,5.94,8.54,1
8.82,5.85,6.6,1
10.15,5.09,8.17,1
4.79,1.23,5.55,0
5.07,1.71,4.8,0
10.7,1.28,7.88,1
4.9,0.93,7.81,0
9.45,5.73,5.83,1
11.62,4.14,6.18,1
5.89,1.93,7.2,0
5.05,5.3,6.61,1
10.22,3.72,7.91,1
8.64,2.98,5.34,1
5.12,2.41,8.63,0
9.24,4.89,6.09,1
9.62,5.44,5.29,1
3.19,5.21,5.29,1
9.23,4.99,5.86,1
7.18,4.92,7.57,1
7.47,3.93,7.36,1
4.66,5.57,5.22,1
3.75,4.95,7.08,1
3.38,3.75,7.12,0
8.98,5.75,6.01,1
9.51,1.73,4.7,1
4.59,1.34,4.84,0
6.75,3.25,4.97,1
9.75,5.1,6.25,1
7.69,4.77,5.77,1
4.96,4.12,8.69,1
3.41,1.4,8.88,0
4.38,4.68,7.26,1
3.18,1.71,7.82,0
7.85,1.56,4.52,0
7.95,0.51,8.66,0
7.81,2.88,8.7,1
4.93,3.16,6.01,0
5.23,3.54,8.88,0
3.89,3.47,6.07,0
6.65,5.43,4.7,1
7.7,5.21,4.84,1
6.17,3.76,5.61,0
9.31,2.57,6.9,1
4.84,3.89,5.23,0
10.98,3.69,7.32,1
7.36,3.59,5.88,1
11.58,1.56,5.86,1
10.28,1.09,6.9,1
11.68,1.15,6.29,1
5.44,5.08,5.5,1
9.0,3.47,6.63,1
10.09,5.53,7.56,1
3.16,5.83,7.01,1
7.52,3.14,5.03,0
6.85,5.39,8.64,1
8.99,5.75,8.18,1
5.91,2.39,5.12,0
4.94,3.99,4.63,0
6.35,1.73,8.32,1
5.59,4.51,8.23,1
11.52,5.62,6.63,1
7.82,3.5,5.94,1
4.26,5.23,6.76,1
7.76,4.0,5.66,0
5.68,5.31,5.83,1
5.6,5.46,6.7,1
9.2,1.82,8.91,1
7.32,3.11,6.46,1
10.49,1.67,8.15,1
4.69,2.04,6.66,0
4.89,2.68,8.5,0
4.01,3.43,7.1,0
7.86,2.75,5.27,1
6.94,3.59,8.5,0
4.61,0.89,6.92,0
11.09,3.04,6.88,1
7.71,2.65,7.77,1
9.98,3.68,8.25,1
10.5,2.95,5.17,1
8.65,4.11,4.59,1
3.18,4.59,7.13,1
8.82,2.23,4.69,1
5.95,5.34,5.43,1
4.26,2.92,7.74,0
8.64,3.5,8.29,1
10.75,5.01,5.34,1
8.94,5.11,5.32,1
11.23,2.12,5.65,1
6.01,5.3,8.23,1
11.82,0.55,6.4,1
7.76,3.68,8.67,1
9.26,5.23,8.84,1
9.79,2.43,8.24,1
5.39,1.58,6.99,0
11.52,3.75,6.78,1
4.93,2.06,5.63,0
10.43,5.3,5.07,1
10.76,1.78,7.44,1
9.37,3.22,4.95,1
9.43,2.2,5.15,1
11.85,5.26,5.3,1
10.49,4.32,4.95,1
3.89,2.6,6.96,0
10.01,1.8,5.11,1
7.28,2.22,5.11,0
3.81,4.64,5.22,1
7.46,1.52,5.92,0
7.92,5.96,6.55,1
4.65,1.29,6.04,0
5.75,5.03,5.31,1
5.02,1.22,7.21,0
8.26,2.43,4.98,1
10.93,5.96,8.11,1
7.17,6.0,5.71,1
11.79,5.87,5.81,1
8.14,4.49,8.52,1
5.51,1.98,8.78,0
4.69,4.43,5.25,1
3.01,1.64,4.58,0
8.51,0.52,7.06,1
6.46,4.64,5.12,1
7.88,4.53,8.78,1
3.21,3.78,5.75,0
7.71,0.97,7.41,0
8.72,4.93,5.42,1
11.49,3.84,7.67,1
4.24,5.35,7.68,1
8.37,4.72,8.51,1
11.14,3.07,8.87,1
5.65,1.38,8.78,0
10.08,5.86,7.5,1
4.97,1.95,5.08,0
4.8,5.47,7.32,1
9.62,2.89,7.97,1
11.04,5.88,7.35,1
7.49,4.59,7.79,1
7.81,1.4,7.56,1
6.53,2.8,8.69,0
10.95,2.75,8.3,1
8.75,2.49,4.99,1
5.82,2.0,7.77,0
10.59,3.83,5.66,1
9.9,1.06,5.38,1
5.1,1.74,6.75,0
7.83,5.96,4.58,1
5.8,4.11,5.34,1
6.81,5.03,7.71,1
3.95,2.96,8.61,0
11.27,3.11,7.6,1
10.96,4.67,8.94,1
10.61,4.0,6.14,1
7.77,4.38,7.01,1
9.44,3.07,4.62,1
9.09,5.34,5.63,1
10.9,3.58,5.32,1
3.28,1.43,5.37,0
8.27,4.84,6.22,1
9.14,2.46,5.61,1
10.55,5.42,4.52,1
9.33,4.32,7.1,1
5.71,1.09,4.84,0
6.39,4.46,8.95,1
7.95,1.01,8.46,1
7.25,3.53,8.39,1
5.11,2.55,6.04,0
9.61,0.6,7.91,1
6.22,2.93,8.22,0
4.95,3.18,4.57,0
9.05,2.61,5.67,1
7.65,2.15,5.63,0
10.74,4.39,6.97,1
6.88,3.27,8.53,0
9.25,4.79,6.06,1
9.68,5.76,6.43,1
9.63,3.25,6.03,1
4.32,1.5,8.27,0
7.34,1.09,6.17,0
3.51,2.12,5.01,0
11.46,5.1,7.13,1
4.66,2.69,6.4,0
7.01,4.78,8.74,1
11.25,2.57,8.14,1
7.86,5.77,8.68,1
9.64,1.74,7.91,1
8.87,2.14,4.77,1
10.77,3.54,7.15,1
7.55,3.5,7.87,0
8.99,5.57,5.27,1
5.52,3.48,5.28,0
5.2,0.87,7.43,0
5.96,4.45,6.32,1
10.88,2.12,7.16,1
10.48,4.84,8.46,1
11.56,1.15,5.39,1
6.46,3.77,7.05,0
3.68,1.76,6.3,0
11.08,1.28,5.04,1
5.43,1.55,7.61,0
3.9,4.02,4.72,1
8.45,1.2,5.09,1
10.12,3.75,5.86,1
11.65,5.34,8.94,1
9.45,4.16,8.48,1
9.4,3.13,7.83,1
10.76,4.01,8.04,1
7.8,2.44,6.33,0
10.93,4.05,8.07,1
6.55,5.07,6.29,1
3.6,5.1,5.54,1
7.85,1.48,4.92,1
4.29,3.17,6.3,0
5.53,4.4,4.57,1
10.44,4.12,5.43,1
11.68,2.15,6.25,1
7.23,5.42,6.39,1
4.62,5.86,8.14,1
8.58,3.61,4.69,1
9.92,1.43,6.01,1
4.49,5.31,5.51,1
4.56,3.34,7.44,0
4.57,2.65,7.15,0
3.45,3.19,4.92,0
3.46,4.5,8.29,1
9.8,2.72,8.02,1
7.08,5.58,4.55,1
11.79,2.5,6.02,1
5.21,0.65,5.45,0
6.79,5.38,5.77,1
7.52,2.31,6.24,0
9.24,5.28,6.3,1
8.14,1.26,5.68,1
3.27,2.65,4.81,0
9.9,3.3,7.05,1
11.69,4.73,4.91,1
4.42,1.63,8.79,0
4.02,2.47,6.52,0
6.31,5.98,5.72,1
10.05,4.32,7.76,1
8.97,4.23,7.11,1
3.84,0.51,5.01,0
4.83,3.32,8.54,0
7.95,4.08,8.29,1
8.94,5.81,7.41,1
9.47,5.37,8.1,1
8.62,3.01,8.97,1
10.23,2.6,6.0,1
10.29,5.62,8.45,1
6.28,0.55,6.53,0
5.18,2.25,5.89,0
10.34,4.84,4.57,1
11.98,1.87,6.3,1
10.26,3.82,5.78,1
11.56,1.52,8.83,1
11.54,3.63,6.05,1
9.76,4.54,6.82,1
4.09,1.9,8.4,0
9.71,5.87,5.07,1
11.37,1.31,4.8,1
4.96,1.15,6.73,0
6.91,2.3,7.84,0
4.64,2.35,6.68,0
11.29,5.88,6.17,1
7.04,2.75,7.07,0
10.16,2.19,5.93,1
3.47,3.2,6.73,0
10.5,4.59,7.16,1
10.29,5.18,5.79,1
6.74,1.21,8.65,1
10.08,3.96,8.34,1
6.17,1.56,4.83,0
5.89,5.09,7.29,1
10.39,0.51,8.52,1
11.86,5.97,7.7,1
6.54,1.38,5.57,0
7.81,0.57,7.64,0
6.08,2.8,7.22,1
7.55,5.81,4.69,1
10.79,0.93,5.15,1
6.09,4.9,5.0,1
5.03,5.48,8.78,1
3.72,4.63,8.2,1
11.98,1.23,7.66,1
3.66,3.44,8.16,0
6.54,0.73,4.54,1
8.61,3.73,4.7,1
4.22,3.85,7.95,0
11.72,0.73,4.69,1
11.83,3.75,7.86,1
3.15,3.59,6.07,0
10.8,3.78,6.72,1
3.92,2.81,4.64,0
4.18,2.44,6.14,0
9.11,3.99,4.92,1
5.3,0.91,6.49,0
9.25,5.93,7.75,1
10.63,2.73,8.48,1
7.14,3.51,4.72,1
7.88,1.84,7.04,0
10.65,1.29,5.46,1
10.82,5.57,8.17,1
7.26,1.8,7.74,0
3.2,1.02,6.4,0
11.65,3.22,5.17,1
10.58,4.3,8.62,1
4.12,0.52,8.93,0
7.21,1.7,7.77,1
3.03,3.57,4.66,0
3.76,5.03,5.84,1
7.56,2.85,8.67,0
4.72,3.3,8.07,0
5.41,3.77,6.85,0
5.32,5.53,7.83,1
9.98,2.9,5.5,1
8.27,5.64,7.47,1
3.04,0.9,7.65,0
10.44,5.61,6.57,1
7.73,3.5,6.96,1
11.89,1.6,6.17,1
7.64,4.28,8.09,1
10.24,0.78,5.13,1
11.11,4.53,5.75,1
3.9,5.81,4.53,1
6.22,2.78,5.19,1
4.29,5.16,8.6,1
7.07,5.77,7.3,1
10.18,2.33,6.91,1
8.25,2.88,7.18,1
5.42,1.65,4.56,0
11.76,0.58,8.79,1
3.01,4.44,8.42,1
5.52,5.13,5.9,1
7.79,3.03,5.01,0
7.51,4.65,8.04,1
8.82,1.71,7.82,1
10.55,2.11,8.92,1
11.84,3.41,6.61,1
6.73,3.52,8.68,1
8.62,5.7,5.27,1
8.65,2.96,8.14,1
5.83,1.61,8.45,0
3.6,3.71,7.01,0
4.89,1.95,6.86,0
5.14,2.7,7.34,0
7.71,2.63,6.8,1
10.86,0.76,8.01,1
8.96,5.17,6.54,1
7.6,2.78,5.51,1
9.66,4.71,8.46,1
6.22,4.04,7.54,1
6.31,3.3,5.9,0
10.66,1.59,5.96,1
10.91,2.98,8.47,1
5.63,2.77,4.61,0
6.89,5.66,7.91,1
8.41,4.37,4.97,1
5.98,2.53,5.24,0
3.62,2.41,7.12,0
10.62,4.4,6.05,1
6.82,2.93,8.54,1
10.09,2.15,7.65,1
3.23,5.98,5.06,1
11.66,3.99,7.09,1
7.07,1.18,6.36,0
10.3,5.57,5.08,1
11.75,3.55,7.28,1
5.48,2.72,5.24,0
4.26,4.95,6.23,1
6.2,4.67,6.47,1
5.91,5.85,4.79,1
7.33,1.49,4.5,1
9.58,4.33,7.11,1
7.2,5.03,7.6,1
6.82,3.33,6.18,0
4.86,0.96,5.53,0
3.7,3.01,7.34,0
8.87,0.51,7.45,1
3.3,1.52,6.44,0
5.59,1.03,6.32,0
3.17,5.91,5.43,1
11.92,1.78,7.49,1
10.65,1.13,5.44,1
6.41,5.85,7.8,1
5.74,3.25,7.24,0
4.56,0.8,5.61,0
8.73,2.48,6.1,1
8.06,0.86,8.82,1
3.95,3.1,6.32,0
9.0,2.36,7.65,1
4.82,5.51,8.66,1
10.77,4.34,7.31,1
7.5,2.86,8.03,0
10.09,0.92,7.53,1
5.2,3.23,4.77,0
10.33,5.77,8.53,1
10.05,3.76,6.29,1
6.1,2.73,4.99,0
10.39,1.94,7.5,1
7.06,4.2,5.51,1
6.15,4.75,7.73,1
5.08,5.85,6.39,1
10.17,1.96,8.39,1
3.09,2.06,7.46,0
8.06,5.35,6.32,1
4.1,5.15,7.84,1
3.67,0.84,4.93,0
10.08,1.04,6.73,1
11.16,4.18,6.84,1
5.85,5.5,8.68,1
10.74,1.53,8.84,1
4.52,4.03,4.72,1
8.37,2.88,6.33,1
11.04,0.51,7.74,1
8.44,3.29,8.92,1
11.45,5.54,6.77,1
6.51,1.23,4.62,0
4.0,1.72,7.42,0
11.72,5.89,4.77,1
4.52,3.26,8.07,0
4.4,0.57,5.2,0
3.83,4.49,8.11,1
10.43,5.7,8.01,1
4.06,4.35,7.0,1
3.15,0.9,5.79,0
11.37,1.94,6.54,1
9.07,5.59,7.9,1
9.01,1.04,8.57,1
7.97,5.77,7.17,1
8.1,0.77,6.84,1
6.78,1.82,6.5,1
6.76,3.58,4.76,0
8.54,1.38,5.71,1
9.08,1.82,5.46,1
5.77,4.46,6.29,1
6.46,5.09,5.23,1
8.59,2.36,8.69,1
5.52,5.51,5.33,1
11.56,3.8,4.89,1
8.31,5.45,8.36,1
10.55,3.73,8.01,1
3.96,1.82,5.52,0
4.65,3.7,5.16,0
9.66,2.45,6.52,1
3.75,2.62,8.02,0
10.54,2.94,5.83,1
11.77,2.85,4.76,1
7.98,5.02,4.75,1
3.62,1.13,8.67,0
4.22,1.59,7.14,0
11.2,0.96,5.9,1
8.13,3.46,5.59,1
10.66,2.59,7.9,1
8.13,5.35,6.86,1
9.3,2.66,8.07,1
11.49,1.71,8.78,1
6.97,2.11,8.16,1
5.83,5.77,6.38,1
9.76,5.32,8.75,1
10.8,0.9,8.41,1
7.15,5.91,7.51,1
4.05,3.36,4.61,0
9.97,1.56,7.62,1
3.11,1.58,8.32,0
3.24,5.72,7.54,1
4.84,4.64,7.09,1
9.28,2.6,5.64,1
11.26,2.04,8.4,1
3.7,5.44,6.05,1
9.6,3.67,5.79,1
6.65,5.41,8.25,1
7.12,2.44,7.38,1
7.38,4.99,8.83,1
9.25,4.05,6.46,1
8.12,3.09,7.11,1
10.83,4.46,8.91,1
6.96,1.32,5.58,1
6.6,1.28,6.67,1
7.36,5.28,5.41,1
6.87,3.58,4.81,1
11.71,0.52,8.74,1
9.89,1.73,8.78,1
4.26,1.21,8.65,0
3.66,5.05,5.37,1
10.64,4.3,7.91,1
9.39,2.89,6.55,1
10.01,0.59,5.23,1
8.62,5.76,7.11,1
9.24,3.13,5.01,1
3.39,2.68,4.54,0
8.38,5.25,5.93,1
3.97,3.64,5.63,0
10.31,0.63,8.77,1
4.28,2.66,7.17,0
3.19,2.65,7.86,0
10.42,3.23,5.41,1
6.43,4.42,4.56,1
6.99,1.13,8.34,1
3.58,3.49,7.31,0
6.75,0.99,6.9,0
7.68,2.42,5.86,0
3.33,2.42,8.01,0
8.57,2.1,8.94,1
8.83,4.67,6.42,1
7.88,5.77,6.95,1
4.55,1.37,6.82,0
3.77,2.67,6.98,0
10.28,3.61,7.3,1
7.94,1.53,6.89,0
11.03,4.79,5.35,1
7.8,0.94,6.87,0
5.36,3.77,6.51,0
9.97,3.74,8.45,1
4.54,4.65,7.2,1
3.14,1.42,6.74,0
4.25,4.36,6.61,1
10.26,4.69,8.82,1
7.88,3.21,5.64,1
11.07,5.86,8.67,1
8.95,5.6,7.33,1
5.82,1.35,6.63,0
9.94,3.86,5.63,1
9.87,4.85,8.98,1
3.46,1.58,7.22,0
11.16,5.14,8.05,1
4.24,3.58,7.54,0
5.8,2.39,6.59,0
4.01,1.81,8.97,0
10.56,2.59,5.0,1
6.08,0.94,4.68,0
8.99,5.58,7.9,1
10.61,2.79,6.23,1
9.47,4.69,5.66,1
6.53,0.58,7.07,0
11.55,2.9,6.01,1
6.97,4.22,7.92,1
10.65,1.0,5.15,1
10.07,1.81,6.13,1
5.64,0.63,8.53,0
10.98,4.27,7.13,1
9.15,1.13,5.07,1
10.58,1.28,7.79,1
5.22,3.62,5.48,0
9.14,3.18,8.33,1
5.47,0.78,5.09,0
10.98,4.6,4.75,1
5.45,3.83,6.34,0
7.88,1.03,6.97,0
5.53,0.83,4.51,0
9.94,4.57,7.89,1
5.14,3.61,8.72,0
8.33,2.18,4.71,1
7.11,2.89,8.07,0
3.06,2.54,7.13,0
6.78,3.1,6.25,0
7.02,4.26,6.75,1
9.68,4.71,6.95,1
10.61,3.39,4.71,1
5.67,2.65,5.42,0
10.01,4.26,6.19,1
5.36,0.65,6.92,0
8.03,5.79,5.49,1
9.89,3.67,8.01,1
5.97,1.73,4.72,0
4.41,3.14,6.91,0
7.73,4.51,5.63,1
11.37,1.24,6.96,1
3.69,1.66,8.39,0
8.37,5.9,8.18,1
11.22,3.29,5.45,1
9.28,1.13,6.75,1
10.22,4.3,8.27,1
9.79,0.75,5.59,1
7.53,2.38,8.4,0
11.99,1.7,5.95,1
10.93,0.87,8.77,1
6.65,0.71,7.07,1
5.83,1.7,8.53,0
9.26,2.18,6.59,1
8.72,5.41,8.67,1
4.73,2.86,5.04,0
8.82,4.54,7.28,1
6.9,2.2,4.95,1
4.42,2.04,4.53,0
6.83,0.86,4.54,1
8.58,0.86,5.9,1
6.47,0.92,4.62,0
3.32,5.76,6.22,1
6.45,3.63,8.2,1
8.88,5.22,7.53,1
7.85,1.77,6.17,0
9.98,2.49,7.77,1
5.42,2.37,6.06,0
5.24,2.85,6.4,0
5.33,1.19,4.67,0
9.66,3.86,8.83,1
9.31,3.02,8.42,1
3.24,4.67,8.78,1
9.55,0.5,6.77,1
4.84,4.32,8.49,1
10.03,2.75,5.53,1
3.65,5.07,5.99,1
7.85,5.29,5.28,1
8.16,4.67,4.73,1
3.2,0.94,7.1,0
10.74,1.31,6.57,1
4.32,5.7,5.87,1
5.09,3.45,5.5,0
10.97,2.16,8.49,1
5.82,0.73,8.62,0
9.16,4.08,7.71,1
11.66,4.81,7.01,1
6.19,2.19,4.9,0
10.1,4.04,7.82,1
9.5,2.39,6.0,1
11.47,2.86,8.62,1
3.63,4.55,7.89,1
7.93,4.26,8.83,1
6.83,1.01,6.8,1
7.93,1.31,7.7,0
5.49,1.4,7.78,0
9.12,3.93,4.8,1
7.36,2.98,8.27,0
5.69,2.16,7.23,0
8.81,5.11,7.86,1
3.81,1.62,5.35,0
10.33,2.42,7.99,1
10.28,3.37,8.88,1
6.11,3.91,8.34,0
11.93,5.78,6.23,1
8.17,4.6,4.73,1
5.66,5.95,5.38,1
5.89,0.71,4.55,0
6.25,3.52,6.55,1
9.68,1.51,8.72,1
11.41,5.55,8.87,1
8.73,1.38,5.06,1
8.7,3.25,7.43,1
8.68,3.23,7.86,1
7.96,3.01,4.64,1
5.29,1.55,7.25,0
10.96,4.92,8.61,1
4.56,5.64,8.02,1
3.37,3.69,6.76,0
3.84,2.64,8.12,0
9.28,5.51,4.83,1
10.19,5.27,5.76,1
3.15,2.31,8.36,0
5.77,3.74,8.14,0
5.15,2.47,6.63,0
7.44,4.94,6.83,1
8.34,1.42,6.91,1
4.39,2.55,6.81,0
7.52,3.86,6.98,1
3.71,2.47,5.95,0
11.69,0.98,5.81,1
10.55,4.09,6.41,1
10.01,2.9,6.48,1
6.16,3.27,6.28,1
4.55,2.04,6.94,0
7.98,3.62,7.45,1
4.77,2.15,6.0,0
3.94,2.4,4.57,0
11.38,5.04,6.73,1
3.96,4.3,6.07,1
10.92,5.72,8.32,1
7.94,0.99,5.67,1
3.02,3.59,6.66,0
6.37,0.88,5.85,0
6.86,2.02,7.53,1
6.91,2.59,6.67,0
5.0,4.71,4.96,1
9.91,5.22,8.77,1
7.2,5.97,8.77,1
10.37,4.13,5.28,1
6.08,4.06,4.93,1
4.36,5.23,6.07,1
11.35,1.04,8.04,1
4.92,4.55,6.5,1
5.29,5.88,8.14,1
11.95,3.35,6.18,1
3.91,0.93,7.47,0
8.17,3.19,8.75,1
8.2,4.79,8.66,1
12.0,2.52,6.87,1
4.93,4.78,6.05,1
11.2,2.2,7.27,1
6.97,5.01,6.84,1
10.24,4.76,8.16,1
10.29,5.7,5.14,1
11.61,4.88,7.46,1
8.11,5.88,8.39,1
4.63,4.28,4.84,1
11.29,1.53,5.15,1
7.62,4.79,8.38,1
8.96,1.84,4.77,1
3.01,3.15,6.61,0
11.74,1.8,7.22,1
7.49,0.73,6.28,0
6.48,2.14,7.27,1
9.46,4.27,6.24,1
4.18,4.98,7.18,1
11.94,1.28,6.58,1
9.56,4.8,8.08,1
7.63,1.28,5.4,0
3.04,2.49,8.33,0
4.1,5.32,8.58,1
6.31,5.73,7.1,1
3.73,3.17,6.35,0
3.04,1.01,5.54,0
8.03,1.13,6.32,1
5.92,5.75,8.1,1
5.05,1.47,8.23,0
5.72,2.04,5.87,0
3.18,2.37,6.55,0
3.95,0.78,6.26,0
4.35,3.61,7.57,0
8.48,1.92,6.07,1
7.67,5.62,7.31,1
9.81,1.63,5.15,1
3.5,2.91,5.09,0
5.59,1.4,5.59,0
3.2,2.71,8.32,0
8.89,1.55,5.95,1
3.3,2.6,8.49,0
11.66,3.97,4.54,1
11.77,2.76,6.14,1
3.38,4.47,5.62,1
11.56,4.77,6.62,1
5.26,1.37,6.34,0
6.84,1.79,6.78,0
5.81,4.27,7.56,1
3.6,2.01,8.39,0
5.88,4.57,6.33,1
3.5,3.44,6.94,0
9.2,1.69,6.42,1
6.61,0.92,6.75,1
8.09,3.23,7.51,1
4.39,4.48,7.67,1
7.55,3.76,8.72,0
3.75,3.81,6.6,0
10.3,5.05,5.09,1
8.88,5.74,7.77,1
4.72,2.18,5.87,0
6.04,2.73,8.52,0
8.83,4.02,8.39,1
6.77,2.45,5.8,0
8.35,5.58,5.54,1
4.33,1.83,6.57,0
8.14,4.83,6.85,1
4.47,3.66,8.83,0
11.85,1.87,5.25,1
3.38,1.62,4.67,0
5.71,2.98,7.68,0
4.12,3.91,7.87,0
5.75,1.77,5.75,0
7.22,4.32,8.22,1
5.5,1.87,4.73,0
3.19,3.64,6.56,0
4.13,5.02,6.69,1
8.71,4.34,7.41,1
6.34,2.55,6.8,0
11.13,2.42,5.9,1
10.72,2.23,8.69,1
3.16,4.81,8.3,1
3.08,4.79,5.91,1
8.36,3.03,5.47,1
3.71,2.06,8.32,0
10.19,5.43,5.59,1
10.36,2.44,8.97,1
9.83,2.59,6.66,1
8.69,3.02,6.6,1
11.57,3.36,7.06,1
5.34,3.14,6.21,0
6.82,2.45,8.08,0
11.24,4.11,4.57,1
9.93,4.37,7.55,1
10.56,1.09,5.19,1
6.03,0.63,7.15,0
6.61,3.02,5.89,0
9.95,0.83,5.51,1
3.96,5.95,5.91,1
7.7,4.89,6.54,1
4.17,5.43,7.85,1
11.31,5.18,8.47,1
10.21,5.17,6.87,1
3.75,1.27,6.98,0
9.25,1.32,5.36,1
3.37,5.69,8.61,1
9.03,2.75,6.54,1
9.6,5.16,7.2,1
4.98,0.93,6.82,0
4.41,4.0,4.51,0
10.13,4.94,5.83,1
5.36,4.94,5.92,1
9.53,0.65,6.52,1
5.22,1.09,8.99,0
10.5,0.59,6.53,1
5.17,4.27,6.9,1
6.57,2.64,6.48,1
7.65,3.07,8.14,0
7.38,5.76,5.91,1
4.0,5.37,7.92,1
5.58,0.97,8.32,0
11.86,5.59,7.05,1
11.16,5.32,7.63,1
9.46,5.76,6.55,1
5.46,3.22,5.38,0
10.52,1.34,6.99,1
10.12,5.42,6.48,1
7.16,1.19,5.11,1
5.72,1.65,6.52,0
10.62,1.77,5.1,1
4.14,5.09,7.3,1
3.75,2.3,7.13,0
3.01,4.2,7.94,1
4.77,5.63,5.68,1
9.52,0.89,7.97,1
7.74,5.91,6.23,1
6.72,4.71,5.57,1
5.47,5.1,7.5,1
4.34,5.38,8.6,1
10.61,1.41,7.27,1
9.9,4.51,8.87,1
3.22,4.39,6.66,1
10.02,3.42,8.65,1
4.51,2.77,6.28,0
4.58,2.26,8.78,0
9.87,0.87,5.65,1
11.89,5.8,6.87,1
4.44,5.71,5.42,1
9.29,3.68,7.37,1
7.72,0.96,6.42,0
3.06,3.89,5.12,0
9.86,1.65,7.31,1
3.29,1.13,5.65,0
6.77,5.98,4.67,1
10.89,4.02,8.13,1
10.84,4.4,8.55,1
4.86,0.51,4.79,0
9.17,2.08,4.62,1
7.64,3.72,4.53,0
4.1,5.1,7.64,1
4.74,3.01,6.07,0
11.45,4.6,4.71,1
9.17,5.09,6.98,1
11.72,0.61,8.56,1
3.61,5.39,5.09,1
8.37,1.5,7.04,1
10.07,5.94,7.69,1
3.79,2.64,8.32,0
4.63,4.77,7.18,1
9.13,0.89,8.5,1
9.66,4.61,7.9,1
9.26,5.64,5.49,1
9.6,5.8,6.28,1
3.46,5.5,6.62,1
9.16,4.03,5.75,1
8.76,5.59,7.96,1
5.25,3.69,7.25,0
6.27,5.2,8.65,1
5.78,5.03,6.7,1
3.85,5.57,7.46,1
4.34,1.59,4.56,0
9.14,0.74,9.0,1
10.28,2.07,7.6,1
5.63,4.86,5.59,1
3.37,1.12,8.88,0
7.96,1.87,7.36,1
3.93,1.35,6.93,0
9.25,1.87,6.16,1
6.86,3.25,8.11,1
5.37,5.03,7.62,1
4.65,4.27,6.19,1
3.21,4.47,5.28,1
7.11,3.8,6.22,0
9.67,1.37,7.24,1
4.56,2.8,5.07,0
10.01,2.24,7.81,1
4.36,4.31,7.84,1
9.33,2.51,8.46,1
10.98,5.73,5.66,1
9.25,3.08,4.56,1
11.95,0.98,7.23,1
11.04,4.28,6.2,1
11.47,0.68,6.94,1
11.72,3.67,6.6,1
5.14,2.55,6.3,0
3.02,4.36,8.01,1
7.21,1.07,5.78,1
7.08,1.33,7.51,0
3.46,1.08,7.77,0
9.33,3.9,7.54,1
9.07,4.1,5.54,1
6.12,2.61,7.84,1
10.01,1.66,8.04,1
10.82,4.84,7.08,1
5.88,3.23,5.86,0
3.71,2.0,5.45,0
7.0,1.96,7.01,0
3.87,1.14,7.66,0
9.01,4.5,4.84,1
9.51,1.59,6.89,1
8.55,5.72,6.01,1
11.72,5.2,7.57,1
8.25,5.65,6.96,1
7.12,3.24,6.05,1
7.67,3.9,6.57,1
5.12,0.52,5.11,0
6.0,5.95,5.63,1
5.58,2.12,8.05,0
4.22,1.23,4.78,0
10.8,5.82,7.68,1
11.64,1.47,7.88,1
10.85,2.44,8.13,1
8.02,3.19,6.28,1
6.39,2.45,4.86,1
11.44,5.53,6.45,1
9.85,1.47,7.62,1
3.71,1.71,6.93,0
11.26,1.64,6.46,1
11.5,4.36,5.15,1
11.95,3.16,6.47,1
10.32,4.65,6.16,1
8.8,4.72,6.03,1
4.53,2.39,8.6,0
5.61,2.76,7.58,0
6.74,5.84,6.12,1
6.52,4.83,4.55,1
4.87,4.41,7.6,1
8.93,2.83,5.68,1
3.29,2.77,5.43,0
3.26,1.15,4.91,0
8.62,2.26,4.84,1
10.54,1.59,7.36,1
8.47,4.13,7.12,1
11.79,0.64,5.58,1
7.63,5.31,4.83,1
4.29,5.63,7.98,1
8.49,4.4,6.18,1
7.26,2.62,5.41,1
4.55,5.65,5.78,1
8.8,4.87,5.29,1
8.15,3.71,8.66,1
5.72,0.54,8.8,0
7.26,1.61,6.45,0
5.61,1.21,7.98,0
3.83,3.76,7.28,0
5.72,2.48,4.98,0
6.53,3.59,6.49,1
11.76,4.41,6.68,1
5.62,2.27,7.75,0
6.87,5.77,6.64,1
6.22,5.23,8.21,1
9.55,1.01,8.89,1
10.74,1.63,4.6,1
10.75,1.25,6.58,1
10.8,0.86,5.39,1
5.64,5.35,5.37,1
7.72,5.39,5.14,1
4.9,4.73,8.02,1
8.05,1.63,8.45,1
6.7,2.91,8.54,0
7.42,0.99,6.56,0
6.23,2.16,7.99,1
9.33,5.4,5.03,1
8.47,2.7,6.04,1
7.51,1.86,8.32,0
10.9,4.22,8.96,1
11.93,5.18,7.4,1
11.16,4.28,7.77,1
8.92,5.31,7.56,1
6.66,5.55,4.81,1
8.06,1.54,6.59,1
5.74,1.5,7.26,0
10.58,4.34,6.64,1
8.84,2.96,7.48,1
7.96,5.03,6.81,1
3.11,3.56,7.7,0
3.37,1.99,7.05,0
9.96,4.83,5.41,1
8.16,3.55,5.12,1
6.07,3.58,4.79,0
7.39,3.67,4.84,0
5.17,4.67,5.28,1
5.17,6.0,7.02,1
6.07,1.45,7.88,0
8.15,3.72,6.35,1
7.13,2.75,6.88,0
7.02,4.96,6.87,1
7.49,5.12,8.84,1
7.43,2.17,7.58,1
5.85,1.23,5.74,0
7.49,3.68,4.68,0
6.57,5.95,8.3,1
8.51,4.44,7.89,1
6.89,2.39,6.3,1
3.56,4.89,6.3,1
5.07,5.96,6.1,1
7.48,1.47,4.96,0
4.28,1.64,7.84,0
10.99,3.33,7.36,1
6.96,3.76,6.17,0
5.66,5.14,8.24,1
6.92,0.67,8.21,1
5.37,5.79,7.36,1
3.72,2.55,6.79,0
4.15,0.56,7.81,0
7.45,3.09,7.1,0
5.08,2.34,6.22,0
5.65,3.65,7.22,0
5.88,4.59,7.48,1
4.35,5.19,8.13,1
8.91,3.04,5.27,1
8.39,0.86,4.93,1
9.73,1.64,5.89,1
8.53,3.97,6.44,1
5.63,5.66,7.37,1
6.77,5.79,6.72,1
11.49,0.66,8.63,1
8.34,5.57,6.5,1
7.53,2.67,5.58,1
5.39,1.72,5.63,0
6.5,5.02,6.85,1
3.01,2.15,6.31,0
4.68,1.14,5.57,0
3.38,5.06,5.5,1
10.33,3.34,8.38,1
3.62,5.21,4.93,1
8.38,3.84,8.61,1
9.05,4.57,7.09,1
7.83,4.03,8.33,1
8.4,0.96,8.16,1
3.37,0.79,8.43,0
5.29,0.54,8.63,0
11.25,5.97,8.74,1
6.88,5.07,5.05,1
4.64,2.46,6.73,0
8.4,3.55,8.98,1
10.74,0.77,5.23,1
6.64,2.01,7.01,0
11.16,1.91,5.56,1
8.32,4.96,8.6,1
6.89,3.57,8.62,0
3.7,1.29,7.29,0
5.59,2.73,7.2,0
11.82,2.7,7.7,1
11.62,0.97,7.96,1
10.89,3.77,6.36,1
10.39,2.12,8.2,1
4.61,1.62,6.26,0
4.62,2.49,5.18,0
9.47,3.33,5.98,1
9.53,4.41,5.16,1
5.53,0.67,6.68,0
4.36,5.31,8.68,1
3.73,1.1,7.56,0
9.95,4.65,6.0,1
9.91,2.15,5.38,1
4.15,2.27,6.6,0
5.27,2.51,6.8,0
6.42,2.58,6.96,0
3.5,3.1,8.2,0
6.57,1.02,5.83,0
3.14,2.63,5.14,0
11.38,1.67,6.65,1
10.07,5.63,7.27,1
5.71,3.8,7.65,0
6.63,5.71,5.09,1
11.8,1.71,7.13,1
5.38,0.73,6.53,0
5.79,3.09,6.57,0
6.4,4.44,8.34,1
10.73,3.27,6.66,1
8.39,1.59,8.01,1
8.94,2.68,8.95,1
10.3,2.02,5.01,1
4.63,0.66,7.01,0
8.63,3.41,6.02,1
8.6,3.25,5.44,1
4.6,2.7,6.7,0
3.8,1.91,5.49,0
10.69,1.56,8.15,1
5.02,1.08,5.89,0
11.94,3.82,6.86,1
5.81,3.96,8.8,0
7.16,1.77,7.13,1
5.75,4.21,6.24,1
6.26,4.25,8.44,1
10.5,3.07,5.32,1
7.97,3.45,7.89,0
6.41,5.83,8.24,1
3.46,2.6,6.72,0
6.47,1.93,6.49,1
10.77,4.06,4.61,1
8.5,2.23,6.0,1
3.07,1.76,6.17,0
5.73,4.57,8.15,1
3.01,5.34,7.68,1
5.07,3.43,5.41,0
10.77,4.6,8.78,1
8.35,4.8,5.78,1
6.93,3.16,7.18,1
4.82,1.58,6.42,0
7.75,1.66,8.6,0
9.54,5.23,6.62,1
5.15,4.45,7.06,1
9.3,5.81,6.35,1
9.83,3.95,6.14,1
7.75,4.69,6.89,1
7.16,2.88,7.61,1
3.52,0.55,8.41,0
6.85,4.59,8.23,1
11.96,5.84,6.17,1
4.43,5.08,7.23,1
11.19,2.47,8.86,1
10.24,4.25,5.03,1
5.63,1.6,7.65,0
10.04,0.68,8.59,1
6.99,5.04,7.14,1
10.47,2.56,5.15,1
10.81,1.04,6.14,1
5.19,5.65,7.77,1
9.08,2.36,6.81,1
8.89,2.08,8.63,1
6.31,2.33,6.79,1
9.91,2.99,6.17,1
7.03,5.18,5.62,1
10.87,5.41,8.24,1
4.78,3.6,6.7,0
6.88,1.95,5.86,0
6.58,1.59,6.16,0
5.55,2.5,6.09,0
11.93,5.76,8.07,1
9.83,2.16,4.63,1
9.12,3.58,7.73,1
10.83,4.18,8.8,1
6.32,4.85,4.92,1
8.5,1.54,5.48,1
7.89,4.0,8.97,1
3.89,4.66,5.62,1
9.29,1.52,6.46,1
7.17,3.57,7.93,0
7.27,5.04,5.26,1
11.84,3.63,8.15,1
3.09,1.34,7.92,0
9.01,4.94,7.48,1
5.4,3.58,5.52,0
4.83,2.78,8.95,0
9.18,5.52,7.48,1
6.04,5.17,7.87,1
4.49,0.7,6.45,0
3.79,4.27,7.72,1
8.14,3.4,8.12,1
3.45,0.98,5.34,0
4.68,3.19,8.01,0
8.54,0.93,6.14,1
8.22,4.72,6.0,1
10.22,1.69,5.37,1
6.85,0.56,8.9,1
3.99,5.99,4.7,1
6.72,2.76,5.5,0
5.25,2.29,8.73,0
9.52,1.12,8.57,1
11.61,4.75,6.85,1
10.19,1.53,8.64,1
5.98,5.0,5.35,1
6.56,1.96,7.33,0
5.74,5.21,7.7,1
4.71,2.65,8.91,0
9.31,0.79,5.77,1
3.1,5.82,8.19,1
3.83,4.03,6.88,1
7.44,4.57,5.58,1
9.97,3.84,7.43,1
8.42,4.99,6.08,1
11.38,2.53,8.73,1
7.84,4.06,7.75,1
10.09,5.0,6.81,1
8.31,5.14,7.44,1
7.75,2.4,7.61,0
4.21,2.62,4.97,0
11.68,2.97,6.13,1
10.79,5.46,6.31,1
10.04,3.85,6.11,1
7.87,3.53,6.73,1
6.36,5.92,8.75,1
9.77,1.48,4.86,1
10.29,1.12,7.13,1
5.21,3.55,7.39,0
5.96,2.32,5.11,0
4.02,3.57,7.15,0
3.74,4.05,8.7,1
5.85,5.81,6.67,1
4.91,4.02,8.66,1
11.1,3.03,4.66,1
11.93,1.53,7.09,1
6.6,4.67,7.39,1
10.72,4.79,5.37,1
10.9,3.88,7.39,1
4.89,2.19,4.95,0
3.48,1.01,8.29,0
11.9,0.52,5.54,1
8.13,0.52,6.5,1
10.5,1.93,4.73,1
3.98,1.54,7.93,0
7.39,2.7,7.23,1
4.96,1.58,4.56,0
7.97,2.92,7.77,0
8.33,1.44,7.39,1
5.56,4.63,6.13,1
6.71,1.35,8.19,0
8.82,4.36,6.81,1
4.32,1.53,7.48,0
11.97,5.82,5.01,1
10.94,1.7,6.9,1
4.33,4.5,5.28,1
5.82,5.66,5.22,1
5.8,1.24,8.97,0
3.47,3.46,6.69,0
3.18,5.08,6.17,1
10.24,1.26,5.8,1
9.77,5.74,6.98,1
11.17,4.06,8.0,1
5.47,4.08,6.55,1
9.53,4.25,7.43,1
11.85,5.98,4.53,1
7.1,3.28,7.96,0
7.97,4.57,8.55,1
8.51,2.43,7.47,1
7.48,2.38,8.13,1
5.27,3.2,5.14,0
10.95,5.04,6.95,1
9.68,5.18,8.19,1
3.63,2.18,8.96,0
10.35,4.53,8.5,1
5.68,5.74,8.63,1
3.79,0.75,4.78,0
8.11,3.66,5.44,1
9.52,2.19,6.13,1
8.66,1.11,6.0,1
9.11,3.78,8.98,1
10.21,3.8,6.99,1
11.26,5.26,7.45,1
3.38,3.29,5.03,0
10.45,1.73,7.59,1
6.13,3.16,5.37,0
9.48,0.68,7.2,1
11.49,1.75,6.55,1
8.03,2.04,6.12,1
7.05,5.66,6.36,1
9.66,3.01,8.67,1
3.95,2.94,4.57,0
3.74,2.8,6.45,0
6.73,0.95,6.76,1
8.94,1.73,5.11,1
9.79,4.01,5.52,1
5.55,0.62,8.68,0
5.23,4.98,8.17,1
11.08,3.11,8.57,1
5.66,5.85,5.99,1
10.39,1.92,8.26,1
5.23,2.71,4.65,0
10.06,2.91,7.89,1
4.11,2.75,7.94,0
7.81,5.18,7.93,1
3.54,1.09,8.33,0
6.33,1.76,5.43,0
11.33,3.23,7.5,1
10.1,5.02,5.76,1
5.38,3.73,8.13,0
6.91,5.78,6.14,1
3.19,1.05,5.64,0
3.39,4.66,7.27,1
8.07,2.68,8.52,1
6.35,4.07,7.62,1
8.01,2.47,4.91,1
8.44,4.62,8.29,1
7.44,5.31,8.1,1
4.92,5.81,5.08,1
9.56,2.64,5.24,1
9.37,4.93,4.67,1
6.98,5.62,5.73,1
4.74,4.83,5.47,1
6.41,3.19,5.37,1
10.87,0.88,5.0,1
5.0,4.16,6.64,1
11.9,5.39,5.9,1
7.73,2.77,4.76,0
7.7,5.15,5.6,1
10.32,4.96,6.82,1
4.77,5.0,8.07,1
4.52,4.87,8.7,1
7.64,4.8,6.02,1
8.57,5.5,6.36,1
11.2,2.08,8.07,1
11.16,1.3,7.48,1
7.04,5.83,7.02,1
8.59,5.77,8.15,1
8.62,4.09,5.93,1
9.66,2.46,5.16,1
5.63,3.15,4.81,0
9.81,5.09,5.49,1
6.28,5.4,5.19,1
6.31,1.28,6.25,1
4.92,4.09,4.64,1
4.13,3.34,5.7,0
10.21,2.84,6.2,1
9.6,0.94,5.89,1
11.19,3.02,6.11,1
6.93,1.17,7.76,0
5.26,4.49,5.28,1
9.42,3.67,8.54,1
4.9,5.83,7.73,1
6.27,5.05,6.59,1
8.19,5.41,5.9,1
9.48,2.62,6.27,1
5.8,5.34,6.14,1
7.51,5.98,5.74,1
8.35,3.45,6.87,1
10.75,2.87,8.1,1
5.18,0.61,8.1,0
5.91,3.38,5.8,0
8.48,5.65,6.85,1
8.91,2.3,8.61,1
3.61,4.09,7.57,1
10.75,5.64,7.67,1
10.74,5.1,5.36,1
8.89,5.62,7.23,1
11.6,3.0,7.99,1
4.54,2.18,7.6,0
8.41,5.92,5.8,1
5.12,4.04,7.18,1
7.76,1.54,5.76,0
3.22,1.96,5.41,0
9.32,1.83,6.7,1
6.58,2.91,5.51,1
11.18,2.73,5.61,1
10.49,5.79,4.94,1
7.25,5.2,8.48,1
10.48,3.82,6.52,1
5.84,4.17,5.31,1
10.71,4.47,4.52,1
5.26,5.03,8.07,1
4.49,5.39,5.58,1
3.96,3.81,6.17,0
6.08,4.52,8.69,1
7.97,2.2,5.8,1
8.84,5.85,6.88,1
7.19,3.22,4.81,1
6.23,4.99,5.97,1
4.38,3.63,5.65,0
9.59,2.36,6.16,1
3.41,0.89,5.46,0
4.61,3.58,5.4,0
3.3,4.44,5.88,1
4.78,0.8,5.46,0
7.55,2.21,6.2,1
6.68,1.37,7.78,1
10.13,2.57,5.45,1
9.46,5.35,7.23,1
10.03,4.24,8.45,1
3.78,0.77,5.26,0
8.44,5.92,7.56,1
5.07,2.15,6.93,0
8.21,1.55,8.12,1
4.44,4.9,6.76,1
6.27,1.69,8.22,0
7.37,1.51,6.42,0
8.97,3.01,7.09,1
10.82,5.14,5.28,1
11.22,2.22,7.28,1
4.27,5.82,4.74,1
4.61,1.63,4.56,0
7.92,1.26,7.7,0
4.01,2.9,5.25,0
6.61,3.28,8.65,0
6.0,3.29,6.45,0
4.88,5.21,6.12,1
3.25,2.27,6.76,0
7.54,2.9,4.53,1
10.48,2.37,7.73,1
5.18,4.49,5.03,1
9.76,0.85,8.53,1
5.73,2.71,7.37,0
9.01,1.99,6.48,1
7.03,4.13,6.94,1
11.97,5.72,7.64,1
8.08,4.56,5.19,1
4.16,1.34,7.67,0
5.9,1.54,6.09,0
9.38,3.24,7.29,1
4.47,5.46,5.59,1
5.57,1.24,5.55,0
7.98,3.54,8.05,1
8.68,0.81,5.61,1
9.21,1.9,8.88,1
6.28,0.68,8.1,0
7.2,1.96,7.05,0
6.41,3.28,7.31,1
5.59,3.73,5.28,0
6.24,5.2,5.04,1
11.26,5.44,8.16,1
3.83,1.88,5.57,0
11.89,4.0,4.56,1
5.18,2.95,8.15,0
6.82,5.17,7.12,1
3.73,0.74,5.34,0
4.02,1.45,5.69,0
9.87,3.9,6.54,1
10.54,1.25,5.5,1
8.21,1.43,7.83,1
9.32,3.85,6.03,1
3.14,2.22,7.14,0
10.36,1.76,8.88,1
6.83,0.58,5.88,0
3.51,3.25,5.12,0
8.24,0.83,7.35,1
7.24,2.99,4.67,1
10.88,1.89,6.09,1
10.47,2.81,4.73,1
8.59,3.59,5.97,1
4.28,5.01,4.67,1
4.29,3.6,5.5,0
6.0,3.88,7.75,0
10.12,1.62,6.87,1
11.12,5.98,5.48,1
3.43,1.85,7.55,0
5.25,4.09,5.31,1
7.86,4.52,7.11,1
7.09,5.19,6.2,1
4.0,2.32,6.11,0
8.17,2.54,7.28,1
9.11,5.91,5.92,1
4.25,4.88,7.73,1
6.93,1.09,8.82,1
5.24,1.46,5.97,0
7.57,1.63,6.18,1
11.57,2.61,4.8,1
9.91,1.29,5.66,1
5.97,3.22,7.15,0
6.38,5.66,7.89,1
11.17,4.34,7.5,1
3.39,1.87,5.84,0
7.33,5.14,5.31,1
6.05,1.0,8.58,1
3.99,2.29,4.86,0
6.79,4.6,4.56,1
4.86,2.34,5.67,0
3.73,1.3,6.53,0
7.73,3.64,8.96,0
7.45,0.78,8.44,1
5.12,5.68,7.14,1
8.14,3.26,7.57,1
10.09,1.46,6.38,1
4.5,3.84,8.1,0
7.22,0.6,6.86,0
4.15,4.49,4.86,1
9.18,2.86,7.12,1
9.39,1.02,4.85,1
5.06,4.08,5.29,1
4.81,4.26,7.51,1
6.11,4.29,5.4,1
10.47,3.7,8.23,1
4.13,5.22,8.32,1
5.14,3.27,7.71,0
8.17,1.85,6.08,1
8.91,4.4,8.5,1
9.66,2.26,6.34,1
3.15,4.55,8.53,1
7.64,1.28,8.88,1
8.21,2.07,6.37,1
7.43,0.73,7.51,0
3.1,5.52,6.65,1
9.97,3.27,6.39,1
7.41,2.08,6.34,0
3.68,1.88,7.84,0
9.8,3.35,4.76,1
4.15,2.0,4.72,0
6.47,5.08,7.8,1
7.67,5.66,7.91,1
10.38,4.0,4.97,1
4.97,1.1,5.07,0
3.93,5.82,7.9,1
3.57,1.5,7.82,0
9.39,4.24,6.44,1
3.15,1.67,6.98,0
7.59,2.74,7.49,0
5.18,1.42,8.7,0
10.31,3.3,6.52,1
3.53,1.36,5.94,0
4.88,0.57,5.0,0
6.07,5.34,5.77,1
5.85,2.99,7.74,0
8.89,5.71,5.01,1
7.29,1.87,4.84,0
3.54,2.78,4.54,0
5.33,2.28,5.94,0
9.19,5.2,5.6,1
5.85,5.34,6.89,1
11.96,4.56,6.2,1
11.63,1.88,8.79,1
9.82,4.64,4.93,1
3.81,4.87,7.66,1
9.17,1.88,6.12,1
10.99,5.54,4.73,1
6.88,1.55,4.54,1
6.84,4.86,5.13,1
6.67,3.45,5.45,0
10.66,3.49,7.43,1
6.57,1.84,4.69,0
5.8,0.77,8.49,0
10.68,4.39,5.53,1
9.92,2.87,6.86,1
4.37,5.42,4.97,1
9.73,4.57,6.25,1
4.79,5.06,7.74,1
8.64,3.5,8.43,1
4.38,1.66,5.7,0
6.37,1.43,6.06,0
6.06,5.62,6.75,1
4.54,5.56,5.82,1
3.43,3.73,5.0,0
4.5,5.81,6.65,1
5.15,1.86,6.14,0
5.07,5.78,8.69,1
4.39,4.52,4.59,1
6.7,1.85,6.82,1
6.01,0.65,8.6,1
5.31,3.65,4.82,0
6.21,3.4,8.62,1
8.39,2.73,5.49,1
8.02,3.49,5.45,1
8.23,4.76,6.28,1
6.77,2.09,7.5,1
5.35,4.06,6.69,1
11.61,4.7,5.11,1
10.53,5.34,4.92,1
9.55,1.61,6.58,1
8.43,2.51,6.01,1
9.96,1.88,8.54,1
11.7,2.23,5.47,1
11.58,3.67,6.58,1
10.73,2.92,6.52,1
10.57,3.73,7.91,1
8.62,2.72,7.74,1
3.56,4.87,5.41,1
6.92,3.92,8.65,0
3.33,2.95,7.98,0
4.43,2.76,7.03,0
5.33,3.74,7.2,0
8.68,5.32,8.73,1
10.56,2.27,5.14,1
5.91,4.43,6.64,1
5.64,1.61,8.31,0
8.18,4.39,6.43,1
9.19,1.66,8.59,1
5.81,5.73,5.54,1
6.77,5.04,8.51,1
5.88,4.88,5.33,1
4.39,4.74,6.44,1
9.62,1.48,5.01,1
11.51,3.25,6.98,1
5.02,1.14,8.36,0
3.99,1.16,6.07,0
7.78,5.39,7.98,1
6.57,1.33,4.61,0
7.34,4.69,7.63,1
4.96,5.09,5.7,1
6.81,1.38,7.93,0
9.93,1.87,7.54,1
7.75,1.09,7.27,0
7.98,4.7,7.8,1
3.07,0.58,6.94,0
4.73,2.05,4.65,0
6.07,4.03,8.15,1
6.7,2.78,5.12,1
4.3,1.13,6.06,0
10.41,4.81,7.76,1
5.02,4.48,6.38,1
10.66,5.55,5.78,1
5.62,1.05,6.24,0
7.25,1.31,8.92,0
10.33,5.63,6.95,1
5.81,5.8,7.35,1
3.14,3.87,5.3,0
4.25,2.78,6.62,0
10.52,5.02,8.57,1
9.1,0.65,8.4,1
9.99,4.17,8.28,1
10.44,2.87,6.61,1
7.24,4.05,8.67,1
10.62,1.45,6.96,1
4.28,2.28,5.08,0
7.11,2.49,8.98,0
7.74,2.88,5.35,1
9.82,4.88,7.6,1
3.5,2.61,5.6,0
5.79,0.95,7.4,0
10.09,1.68,8.43,1
9.34,0.86,6.47,1
7.15,3.22,7.54,1
8.13,4.39,8.15,1
9.68,1.48,7.18,1
3.97,5.27,7.04,1
8.68,2.44,5.73,1
9.33,1.21,8.34,1
3.58,4.09,7.91,1
9.12,3.24,8.04,1
8.99,0.55,7.2,1
11.6,2.77,7.18,1
7.27,4.87,6.57,1
8.91,1.85,5.19,1
7.79,4.5,5.94,1
9.2,4.09,6.24,1
8.48,4.01,7.52,1
9.28,1.91,7.12,1
3.55,2.67,5.03,0
7.16,4.58,7.42,1
9.89,5.41,7.78,1
7.34,3.96,5.93,0
5.68,3.76,4.9,0
4.65,5.02,5.07,1
8.15,3.09,4.79,1
3.75,1.24,5.7,0
6.92,5.93,5.2,1
10.83,5.44,5.18,1
11.55,3.49,4.97,1
6.69,4.15,6.36,1
11.31,1.18,7.58,1
10.37,5.68,6.02,1
11.01,5.03,8.85,1
11.59,2.57,5.83,1
5.49,3.66,6.66,0
8.55,0.91,5.81,1
4.04,2.09,5.64,0
5.43,5.72,8.87,1
3.84,4.63,6.25,1
9.73,4.26,6.13,1
3.58,2.89,6.03,0
3.71,1.72,6.16,0
7.43,5.29,5.07,1
5.88,2.43,5.95,0
11.33,2.1,8.41,1
5.13,2.55,6.16,0
4.67,4.37,6.86,1
11.86,3.06,7.15,1
3.25,3.25,8.15,0
6.99,1.27,8.53,0
9.21,1.31,5.21,1
6.83,1.17,7.13,0
7.14,0.69,4.53,1
6.05,3.95,8.42,1
10.67,2.75,8.01,1
7.35,5.69,7.06,1
5.0,1.07,6.42,0
8.03,4.26,6.41,1
6.55,2.35,6.64,1
10.3,2.25,8.5,1
9.2,4.92,6.76,1
6.08,3.27,7.33,0
6.33,4.84,5.86,1
3.77,3.99,4.9,0
3.37,5.06,8.77,1
11.34,2.61,5.59,1
4.9,1.7,5.24,0
9.57,1.8,5.84,1
9.04,0.69,6.11,1
10.58,1.07,4.99,1
10.42,5.74,6.29,1
5.65,3.82,6.14,0
6.95,1.11,4.99,0
11.35,4.85,6.7,1
8.87,0.99,8.7,1
11.07,2.33,4.97,1
9.56,2.53,7.08,1
7.37,2.86,6.96,0
10.35,4.19,5.77,1
9.24,1.55,6.09,1
7.8,5.66,4.83,1
6.05,2.52,4.78,1
3.65,2.65,7.49,0
7.23,2.98,5.06,0
9.86,3.46,7.89,1
6.75,2.41,8.4,1
8.84,5.44,5.34,1
8.37,2.38,7.0,1
3.95,2.72,5.62,0
3.99,2.02,7.04,0
3.19,2.58,8.31,0
11.22,4.09,8.78,1
11.94,1.31,7.39,1
5.6,0.93,8.51,0
8.78,1.51,6.38,1
11.37,4.2,6.49,1
8.21,1.57,5.2,1
7.34,3.98,6.72,0
7.16,3.43,5.19,0
3.33,2.13,6.98,0
7.55,2.71,6.55,1
6.6,5.93,8.29,1
5.2,3.21,6.75,0
3.85,5.33,8.96,1
9.06,3.69,4.88,1
3.06,5.65,8.87,1
10.54,1.75,4.74,1
4.09,4.87,7.82,1
8.38,4.4,8.16,1
6.28,2.53,6.13,0
7.31,1.04,6.41,1
5.59,4.15,4.88,1
4.47,5.92,8.61,1
10.76,1.04,8.81,1
9.32,3.25,8.85,1
11.06,5.37,8.65,1
7.88,3.12,4.53,1
3.94,4.08,5.07,1
11.44,5.81,8.8,1
10.03,4.48,6.99,1
5.73,4.13,5.05,1
11.19,3.4,4.78,1
6.6,1.73,8.14,0
6.52,1.31,6.41,1
3.09,0.69,4.97,0
8.77,4.59,7.91,1
8.19,4.26,4.74,1
8.71,5.82,8.27,1
9.83,3.13,7.97,1
11.85,4.87,8.6,1
9.64,2.47,8.05,1
7.02,1.34,8.76,0
3.81,2.4,7.74,0
7.59,3.43,6.27,0
8.42,5.33,5.22,1
3.02,4.3,6.05,1
4.71,4.85,5.35,1
9.09,2.2,5.33,1
7.1,3.9,4.73,0
10.77,3.66,7.58,1
7.4,3.03,6.84,0
3.77,2.26,4.83,0
11.51,4.22,8.88,1
10.4,1.19,4.65,1
4.86,5.07,8.93,1
4.12,5.72,7.83,1
6.35,3.94,6.95,0
11.86,2.91,5.05,1
5.76,2.51,6.7,0
7.67,5.2,4.96,1
3.52,5.62,6.71,1
3.63,2.54,8.48,0
6.74,5.4,7.64,1
11.99,5.94,5.49,1
5.07,3.21,7.98,0
10.3,3.69,5.79,1
10.45,2.97,6.44,1
10.51,3.67,8.51,1
11.16,4.61,6.97,1
3.89,3.82,6.36,0
10.02,5.03,5.33,1
6.78,4.89,5.28,1
5.02,1.92,4.65,0
10.59,4.81,5.89,1
5.64,2.77,6.58,0
6.66,2.05,5.14,1
11.7,3.42,7.82,1
9.13,2.55,7.05,1
9.98,1.91,6.66,1
9.22,5.41,5.61,1
3.9,3.3,7.17,0
3.76,4.15,7.98,1
9.91,5.63,8.02,1
3.18,0.53,8.33,0
8.04,5.14,7.4,1
11.33,2.99,8.35,1
10.62,3.64,6.56,1
11.05,1.4,7.1,1
10.14,2.81,5.03,1
8.95,5.21,6.67,1
11.72,5.98,6.12,1
6.33,5.96,8.58,1
4.89,5.05,4.51,1
4.44,5.61,7.68,1
8.23,2.0,8.47,1
10.0,2.89,5.28,1
11.64,3.82,6.1,1
3.96,5.97,5.0,1
6.1,1.05,7.26,0
9.03,0.62,8.32,1
10.48,2.88,8.01,1
11.17,3.87,7.08,1
4.4,3.04,6.46,0
8.07,5.48,7.21,1
10.44,3.57,8.46,1
9.48,1.83,5.96,1
9.15,0.94,4.84,1
6.99,3.83,7.35,1
9.86,3.18,8.46,1
6.98,3.29,6.92,1
8.37,5.26,5.32,1
3.45,0.6,8.53,0
7.11,5.94,6.88,1
8.24,2.54,4.64,1
10.31,3.12,7.72,1
11.56,4.91,8.75,1
3.75,5.37,8.75,1
3.14,0.5,6.01,0
10.7,5.87,7.75,1
6.05,0.96,4.82,0
6.66,4.79,5.73,1
5.31,3.26,5.93,0
9.81,2.63,7.62,1
4.43,4.77,7.03,1
9.04,5.25,7.0,1
9.61,1.0,7.86,1
7.77,0.83,5.98,0
5.27,3.9,5.14,0
7.01,2.6,4.55,1
4.39,5.63,6.6,1
5.9,0.66,7.6,0
7.98,1.48,6.55,0
7.39,4.28,8.22,1
4.0,1.37,7.3,0
4.54,4.74,5.7,1
6.08,2.73,6.37,0
10.41,0.71,7.42,1
11.11,5.6,7.3,1
4.37,3.65,6.94,0
7.62,1.53,5.17,1
3.17,2.92,5.42,0
11.84,4.02,5.82,1
6.88,1.74,7.72,0
8.09,5.17,8.09,1
10.39,0.82,7.45,1
11.98,0.52,8.65,1
7.34,5.47,5.77,1
4.47,2.23,5.13,0
4.41,3.07,6.8,0
10.9,3.99,7.87,1
11.8,4.54,7.11,1
10.06,2.6,5.69,1
9.07,1.48,8.9,1
10.46,5.16,8.3,1
8.21,5.28,6.42,1
7.97,1.15,5.94,1
8.21,5.33,7.53,1
9.22,3.39,7.06,1
3.05,4.78,8.63,1
6.5,4.56,6.78,1
4.74,0.82,8.82,0
4.53,3.05,6.13,0
7.75,5.92,4.81,1
10.68,3.27,8.58,1
9.05,2.58,6.96,1
11.94,2.94,4.78,1
11.87,3.53,8.75,1
11.26,3.02,4.77,1
9.73,2.78,7.23,1
9.52,0.55,5.28,1
9.61,5.31,8.97,1
4.8,0.93,5.04,0
11.69,1.89,8.89,1
4.21,3.4,6.48,0
5.65,5.84,7.64,1
4.35,2.34,5.29,0
7.25,1.99,5.91,1
8.01,4.19,7.27,1
8.82,1.89,5.34,1
7.48,4.03,5.4,1
5.09,2.51,7.78,0
3.68,3.83,4.88,0
11.48,5.65,6.64,1
10.24,0.52,7.71,1
4.42,2.76,8.55,0
10.32,1.01,7.38,1
11.95,5.49,7.09,1
5.56,5.39,4.87,1
7.84,3.24,7.02,1
9.06,5.35,6.88,1
3.18,4.12,7.21,1
8.34,2.2,8.77,1
4.17,4.0,8.61,0
6.69,3.95,4.6,0
4.49,3.63,5.09,0
5.56,3.76,6.61,0
11.03,2.43,7.97,1
7.63,0.61,8.73,0
7.86,4.81,7.29,1
3.66,1.05,7.37,0
8.25,4.72,6.69,1
11.39,2.62,5.31,1
8.46,0.79,6.81,1
4.47,5.84,6.46,1
3.97,4.23,8.92,1
9.68,0.6,4.97,1
11.62,2.49,8.83,1
10.36,2.31,8.24,1
10.22,4.91,6.88,1
4.09,1.19,7.43,0
10.51,2.61,7.0,1
9.97,1.48,6.64,1
7.43,5.23,7.21,1
10.28,4.9,7.47,1
9.02,3.54,8.69,1
8.99,2.78,4.76,1
10.11,5.66,6.54,1
6.73,5.73,6.31,1
5.11,5.97,5.33,1
10.6,5.15,7.86,1
9.88,2.36,4.59,1
4.06,4.37,8.27,1
5.9,4.77,7.18,1
4.0,5.27,4.73,1
5.98,0.82,8.28,0
6.71,0.68,4.72,0
4.97,3.32,5.9,0
6.13,2.72,7.59,0
8.13,2.92,8.16,1
9.54,0.98,7.94,1
5.78,3.85,8.16,0
9.03,1.42,4.98,1
6.28,3.32,8.13,1
5.53,1.94,6.96,0
8.08,1.01,4.83,1
10.6,2.84,8.22,1
10.84,2.64,7.58,1
11.72,2.38,6.99,1
9.31,1.47,4.76,1
8.31,3.85,5.9,1
8.31,5.14,5.32,1
5.09,1.94,5.15,0
10.65,1.41,7.46,1
3.82,3.37,7.42,0
8.6,4.7,8.89,1
7.17,5.43,8.91,1
8.12,4.89,6.45,1
3.11,4.4,5.97,1
10.72,3.48,7.81,1
10.89,1.36,8.78,1
4.2,4.22,8.72,1
6.33,5.18,4.61,1
9.81,5.18,6.4,1
10.76,4.3,5.33,1
11.86,5.28,6.54,1
5.99,1.37,8.73,0
9.09,4.9,7.8,1
8.13,4.89,6.03,1
3.64,1.3,6.2,0
6.79,1.55,6.0,1
3.66,1.68,7.27,0
3.83,5.43,7.85,1
5.58,4.8,6.7,1
4.91,3.57,4.83,0
11.03,4.34,6.61,1
4.09,4.68,8.32,1
4.44,2.63,6.24,0
7.75,2.96,7.66,0
8.5,1.42,5.68,1
10.99,1.07,8.7,1
6.57,4.0,4.58,0
3.04,5.26,6.24,1
4.41,3.98,7.71,0
6.26,1.12,5.09,1
5.2,5.33,7.78,1
6.99,0.8,8.72,1
6.04,3.97,5.56,1
4.99,1.06,7.66,0
3.39,4.42,5.05,1
10.81,2.48,8.78,1
4.26,1.43,4.97,0
10.66,4.71,5.04,1
10.22,2.04,5.22,1
6.11,3.46,8.24,0
10.61,5.7,4.63,1
9.77,0.99,8.84,1
3.58,2.13,8.81,0
5.75,1.58,5.64,0
3.34,4.81,5.22,1
6.98,1.33,5.83,0
6.02,5.49,5.35,1
5.69,0.88,4.93,0
7.01,3.87,7.84,1
6.91,1.1,8.74,1
8.0,2.46,7.0,0
6.21,5.36,5.27,1
5.15,4.22,5.13,1
7.83,5.8,8.34,1
11.74,3.19,6.94,1
8.74,3.05,7.6,1
10.93,3.68,6.68,1
11.01,1.86,5.43,1
6.82,2.23,7.03,0
11.53,3.19,7.36,1
9.15,5.87,7.58,1
7.0,4.96,7.87,1
4.44,1.97,5.58,0
7.73,1.95,8.37,1
3.98,5.99,5.27,1
5.81,2.04,8.07,0
7.8,3.76,7.37,0
3.41,2.14,7.81,0
11.07,3.3,7.52,1
7.21,1.94,8.15,0
9.21,3.34,7.93,1
3.03,5.44,5.75,1
9.53,1.59,8.14,1
10.29,4.8,6.05,1
4.8,3.18,5.6,0
7.6,2.2,6.36,1
5.23,0.98,6.89,0
11.48,5.98,8.84,1
5.25,2.24,6.82,0
10.33,2.78,6.44,1
3.58,3.67,4.88,0
3.95,5.91,7.03,1
6.62,1.68,7.0,1
3.23,2.79,7.43,0
9.95,2.1,5.63,1
6.75,0.97,5.5,0
11.68,3.28,7.57,1
10.89,5.47,8.95,1
10.49,2.64,8.94,1
11.66,2.91,7.15,1
5.3,3.94,6.97,0
6.72,5.19,8.63,1
5.11,3.92,8.07,0
6.28,2.26,7.36,0
3.53,5.39,6.86,1
11.35,5.05,7.53,1
10.24,1.4,7.2,1
10.8,5.86,8.06,1
3.19,1.57,8.16,0
7.92,4.8,5.02,1
4.74,5.9,5.67,1
10.79,1.37,8.46,1
3.76,1.59,5.99,0
6.61,4.8,5.09,1
11.78,2.93,4.99,1
11.59,5.98,7.45,1
7.31,3.07,5.98,1
9.03,5.57,7.59,1
6.63,2.03,6.24,0
7.66,1.78,5.84,0
10.11,1.93,6.54,1
3.57,3.81,5.23,0
8.5,5.62,6.52,1
11.55,3.85,7.02,1
6.22,1.08,5.47,1
9.22,2.17,5.6,1
9.58,4.54,6.32,1
11.45,1.28,7.58,1
10.28,2.02,5.91,1
4.19,4.09,6.93,1
7.79,5.54,8.2,1
6.59,2.84,8.67,1
3.13,2.0,7.37,0
6.76,5.15,6.52,1
6.92,5.13,4.92,1
10.82,4.45,8.29,1
3.7,2.19,8.96,0
5.3,6.0,6.13,1
9.64,2.76,5.86,1
10.45,5.9,5.68,1
7.47,5.94,8.02,1
9.97,3.05,8.41,1
9.04,2.23,4.85,1
9.94,3.0,5.57,1
11.69,3.78,7.91,1
10.02,4.52,8.7,1
8.24,5.17,7.79,1
11.04,4.25,6.06,1
10.17,4.53,8.25,1
8.21,2.43,6.09,1
9.53,5.07,5.39,1
5.63,4.66,8.25,1
8.76,0.52,4.95,1
10.84,4.15,8.92,1
8.23,3.98,5.63,1
10.42,4.78,7.36,1
3.52,1.58,7.25,0
11.81,4.77,5.74,1
6.07,2.52,6.95,1
4.99,1.0,4.71,0
4.9,0.71,5.17,0
6.44,4.57,4.67,1
7.78,3.9,5.03,1
9.48,4.5,7.81,1
7.09,2.51,8.13,1
10.5,0.61,7.28,1
4.95,0.74,5.46,0
3.02,1.35,6.02,0
11.54,1.66,6.62,1
7.56,0.99,6.25,1
7.82,4.3,4.86,1
11.83,4.25,5.07,1
11.1,5.81,9.0,1
11.39,3.16,4.83,1
11.93,5.07,5.56,1
5.63,1.52,8.66,0
3.8,3.95,5.22,0
10.94,2.44,6.48,1
3.52,2.19,7.73,0
9.96,1.0,7.58,1
6.58,4.14,8.87,1
10.34,1.63,4.78,1
5.65,4.36,6.24,1
5.57,2.16,6.26,0
9.05,3.58,6.07,1
10.75,1.53,7.96,1
5.3,1.07,5.64,0
7.64,2.32,5.3,1
8.66,2.13,7.7,1
9.38,5.75,6.91,1
6.92,3.22,7.23,1
10.43,4.92,8.43,1
9.3,2.44,4.94,1
10.78,3.62,7.33,1
5.54,5.91,5.11,1
8.82,5.98,4.52,1
3.13,3.39,8.11,0
10.45,3.83,7.87,1
4.14,2.79,5.08,0
3.39,0.57,4.62,0
3.0,2.33,6.96,0
3.09,0.89,8.55,0
4.51,2.51,7.64,0
8.58,1.42,8.32,1
9.33,2.65,7.37,1
3.48,1.27,5.58,0
8.89,4.06,6.46,1
9.28,1.32,7.13,1
8.1,3.95,6.59,1
11.3,0.94,8.81,1
5.43,1.92,5.28,0
10.56,5.89,4.6,1
8.13,3.24,7.46,1
10.86,2.82,5.71,1
4.0,4.79,7.67,1
3.04,5.85,4.68,1
10.28,3.1,5.79,1
4.91,2.92,8.75,0
5.77,4.74,5.69,1
10.03,3.6,5.47,1
11.62,2.48,6.79,1
9.86,1.97,5.26,1
3.46,1.47,5.69,0
8.72,5.87,5.79,1
3.36,3.82,4.8,0
5.93,2.04,4.96,0
10.62,5.4,4.53,1
10.47,3.5,6.84,1
7.23,5.99,7.99,1
9.31,3.4,5.88,1
8.71,1.39,8.27,1
4.21,2.81,6.71,0
7.84,5.83,6.18,1
7.67,2.98,7.63,0
9.88,5.94,5.41,1
10.53,0.93,5.31,1
7.63,2.76,5.19,0
3.03,3.97,5.84,0
11.73,1.64,4.83,1
4.36,2.48,7.55,0
9.02,5.58,7.85,1
10.4,5.95,5.19,1
11.05,5.79,4.52,1
4.77,0.78,6.38,0
6.34,3.55,5.67,1
3.38,5.31,8.82,1
3.01,4.21,8.48,1
6.12,2.28,8.85,1
4.47,1.43,4.58,0
10.54,1.05,5.59,1
7.93,1.1,6.99,1
4.23,1.94,5.58,0
4.72,2.96,7.47,0
9.43,1.78,5.95,1
11.05,4.33,8.1,1
4.94,0.88,4.5,0
4.16,5.72,6.0,1
5.62,4.96,7.68,1
4.41,2.04,5.34,0
4.59,1.4,6.23,0
11.99,2.15,5.22,1
7.7,5.03,5.52,1
4.77,5.75,5.39,1
7.02,4.04,4.86,1
7.34,3.64,5.33,0
3.04,2.82,7.21,0
4.51,3.91,6.15,0
7.12,5.66,5.28,1
11.03,5.31,7.44,1
3.24,4.06,4.72,1
10.39,1.44,7.92,1
8.71,2.12,7.63,1
3.39,0.86,6.9,0
9.73,1.52,8.37,1
6.94,3.94,6.78,1
9.61,4.52,5.82,1
11.48,1.08,7.72,1
6.95,4.34,8.13,1
5.6,5.38,6.56,1
10.07,1.69,6.55,1
5.41,1.96,5.99,0
9.17,0.86,5.02,1
10.61,1.91,5.68,1
11.58,5.3,5.47,1
6.95,2.27,5.88,0
9.07,1.21,5.56,1
11.5,4.38,8.15,1
8.96,5.15,6.51,1
8.72,2.14,6.32,1
7.94,5.33,7.95,1
3.17,2.84,5.55,0
9.22,1.24,8.07,1
11.94,3.0,7.52,1
7.02,5.86,5.96,1
9.98,5.88,5.72,1
4.95,2.77,8.5,0
9.32,4.04,7.72,1
7.94,0.74,4.72,1
5.8,0.93,4.8,0
9.29,3.78,8.86,1
4.89,3.21,5.1,0
6.95,2.54,8.06,0
6.19,5.67,7.29,1
4.92,3.23,6.12,0
5.33,4.34,7.19,1
3.4,5.05,4.9,1
10.62,1.91,4.54,1
7.81,4.88,4.88,1
5.53,4.81,8.51,1
11.87,4.29,4.97,1
7.71,2.16,5.99,1
10.27,5.47,8.54,1
7.79,1.47,6.35,0
11.14,2.58,8.86,1
6.99,4.65,7.44,1
7.83,4.88,6.3,1
9.62,5.01,4.9,1
4.16,2.53,7.9,0
8.63,0.6,6.3,1
11.99,2.12,5.12,1
8.97,1.61,7.2,1
6.23,3.34,8.6,0
6.12,4.64,6.73,1
7.12,5.53,4.71,1
6.85,2.96,8.0,0
6.53,2.99,5.71,1
4.35,2.24,5.74,0
6.08,2.94,6.13,1
3.72,4.18,5.88,1
10.11,5.48,7.45,1
5.96,0.5,6.62,0
10.02,3.42,6.1,1
7.31,2.64,6.03,1
5.96,2.7,5.32,0
10.79,2.47,7.25,1
10.51,0.84,5.99,1
5.1,4.08,4.61,1
5.8,5.3,5.2,1
7.64,2.62,7.7,1
11.44,1.46,6.59,1
6.07,2.74,4.79,0
9.5,1.59,8.92,1
6.82,2.21,7.76,1
7.52,1.49,7.33,1
3.92,5.13,7.5,1
4.73,2.23,8.91,0
6.07,1.21,8.18,0
4.02,3.61,7.22,0
11.78,3.83,4.94,1
4.74,5.39,4.54,1
4.44,5.71,7.96,1
5.09,4.37,6.9,1
10.21,1.69,8.61,1
5.12,3.98,5.9,0
10.06,5.23,7.35,1
9.81,0.99,5.68,1
7.87,1.43,6.76,0
4.73,4.66,8.63,1
11.86,0.93,7.75,1
3.06,5.85,8.42,1
11.26,2.79,5.38,1
8.2,4.67,4.98,1
3.59,4.04,5.08,1
11.01,5.93,4.98,1
5.63,3.85,5.38,0
3.3,1.14,7.34,0
11.34,4.22,8.36,1
5.49,5.36,8.96,1
11.03,4.01,8.79,1
8.64,1.79,7.62,1
11.84,5.53,8.89,1
3.29,4.86,8.94,1
3.41,3.13,7.88,0
4.85,0.84,6.98,0
5.87,4.59,8.3,1
10.38,2.17,7.97,1
9.11,1.41,7.07,1
11.43,4.15,7.8,1
4.09,1.3,6.44,0
8.39,4.62,7.55,1
11.25,5.15,5.24,1
6.04,2.53,8.58,1
3.89,1.82,5.29,0
9.07,5.23,6.04,1
6.92,1.77,6.71,1
11.58,5.08,8.81,1
3.82,2.22,6.16,0
7.36,1.21,6.86,0
8.79,3.02,4.98,1
10.57,3.34,4.98,1
10.95,2.04,5.02,1
5.24,4.03,4.63,1
3.21,4.13,7.04,1
9.05,2.9,5.45,1
9.36,1.55,8.76,1
8.92,4.8,4.93,1
11.39,4.49,5.12,1
11.05,5.72,8.38,1
4.03,3.82,5.99,0
11.22,3.22,8.65,1
9.52,2.16,8.91,1
8.82,3.23,4.6,1
5.51,0.83,7.98,0
6.65,2.85,7.9,1
4.52,3.19,8.21,0
7.17,1.79,7.38,1
5.94,2.07,5.75,0
9.51,3.81,6.49,1
3.64,1.58,5.18,0
9.22,1.92,7.41,1
6.2,2.26,8.61,0
4.66,0.78,8.57,0
11.59,5.32,6.58,1
3.49,1.81,7.08,0
6.8,2.41,8.6,1
4.14,2.68,4.97,0
7.43,4.61,6.35,1
8.42,3.1,6.33,1
5.43,1.48,8.56,0
4.29,3.07,8.42,0
9.55,0.68,8.49,1
3.52,1.07,6.08,0
4.89,3.22,6.86,0
9.13,2.7,8.3,1
4.17,3.72,6.61,0
8.51,4.59,6.21,1
8.28,0.74,6.59,1
4.85,2.77,8.77,0
3.09,3.46,4.89,0
4.58,1.52,7.92,0
9.13,1.48,7.19,1
5.32,3.54,8.85,0
10.77,5.61,6.84,1
3.43,1.61,6.8,0
6.65,4.04,6.67,1
7.36,2.51,7.47,0
7.07,0.98,8.12,0
9.17,5.94,8.43,1
11.46,4.52,5.14,1
3.94,5.5,6.76,1
5.08,4.48,8.0,1
5.09,1.24,5.31,0
3.45,1.03,8.0,0
9.34,2.67,8.02,1
4.79,2.84,7.81,0
11.16,3.13,4.89,1
8.25,0.98,8.67,1
7.12,4.56,6.1,1
6.65,4.57,8.93,1
9.0,4.56,8.88,1
7.48,3.08,5.17,0
10.29,4.87,6.81,1
7.08,1.06,6.14,0
3.91,2.14,4.89,0
9.27,5.8,8.85,1
9.31,5.29,8.72,1
10.21,3.49,5.16,1
4.56,3.32,7.53,0
6.32,2.11,5.86,1
6.73,4.31,4.95,1
7.36,4.18,6.61,1
11.67,4.93,6.88,1
7.02,1.27,6.44,1
5.82,4.29,6.71,1
10.89,2.99,5.67,1
8.43,3.06,5.77,1
4.17,5.64,6.27,1
4.67,1.14,8.96,0
8.56,1.09,6.6,1
5.04,4.31,6.76,1
8.37,2.33,8.66,1
7.84,1.8,7.79,0
9.31,4.73,5.91,1
8.22,3.04,5.14,1
8.73,3.06,6.16,1
8.13,3.84,4.5,1
4.53,4.9,6.34,1
4.38,1.33,5.93,0
10.05,1.02,8.23,1
5.17,3.27,7.26,0
5.55,5.04,8.75,1
4.86,2.1,5.12,0
8.95,4.57,6.15,1
9.65,3.94,7.59,1
10.49,1.05,8.1,1
7.75,2.57,5.01,0
5.17,2.7,4.53,0
5.16,2.47,8.57,0
4.46,4.94,7.66,1
5.35,0.56,7.45,0
5.12,5.73,4.9,1
10.38,5.71,8.37,1
7.93,4.49,4.51,1
7.96,2.21,5.72,0
4.53,4.47,7.26,1
4.58,4.3,7.38,1
10.36,2.96,5.01,1
9.93,5.63,4.6,1
8.61,1.46,6.38,1
11.66,5.65,8.79,1
7.49,5.55,5.38,1
6.19,2.86,6.38,1
6.66,2.51,7.2,0
8.27,0.53,8.29,1
11.62,3.25,6.95,1
9.34,5.0,7.72,1
3.25,3.88,5.33,0
11.81,5.33,5.6,1
8.67,2.23,8.77,1
5.98,5.25,8.26,1
11.3,4.05,5.1,1
3.59,0.99,6.56,0
10.66,3.6,8.42,1
11.1,5.79,6.13,1
4.51,0.59,6.79,0
10.5,3.51,7.68,1
10.51,4.68,8.35,1
8.28,1.12,5.27,1
11.8,4.82,8.86,1
8.39,4.11,7.53,1
4.12,0.56,4.85,0
6.01,4.8,5.68,1
6.23,5.27,7.62,1
7.64,3.96,7.56,0
3.84,1.79,6.49,0
9.95,2.79,7.92,1
4.55,0.78,8.46,0
7.63,5.32,5.65,1
11.92,3.75,7.34,1
7.85,4.8,8.33,1
5.02,5.39,7.5,1
5.21,2.41,5.23,0
7.98,6.0,6.23,1
11.51,5.03,7.99,1
10.45,1.2,7.76,1
7.88,4.29,5.97,1
9.02,4.47,5.13,1
10.08,2.19,8.26,1
3.91,2.06,8.1,0
9.33,3.31,6.27,1
11.83,3.12,5.57,1
4.97,1.68,5.1,0
4.04,5.98,4.51,1
4.24,1.76,5.16,0
3.44,4.21,5.56,1
11.6,1.38,8.62,1
11.53,3.4,7.95,1
11.21,4.89,7.03,1
4.8,5.55,5.94,1
4.15,0.57,7.04,0
9.13,5.81,5.37,1
7.32,1.82,6.69,1
11.48,2.87,5.16,1
5.62,3.93,6.23,0
11.41,3.61,4.98,1
5.48,5.85,6.25,1
3.83,5.91,6.35,1
7.94,5.22,8.07,1
11.33,1.09,5.22,1
4.25,4.15,5.43,1
6.27,2.61,7.75,1
6.03,4.99,6.19,1
4.86,2.36,8.34,0
6.82,5.27,6.34,1
5.5,2.46,7.9,0
5.6,2.97,6.67,0
11.21,1.72,6.07,1
9.95,4.02,8.15,1
8.5,4.84,6.97,1
6.84,2.26,7.94,1
9.6,5.57,4.76,1
7.64,3.72,5.98,1
5.09,4.68,6.95,1
10.62,5.42,8.35,1
4.95,5.45,5.16,1
10.21,3.58,6.15,1
9.16,0.61,5.73,1
4.9,3.21,7.06,0
7.1,5.08,8.77,1
7.97,3.12,8.87,1
7.41,2.78,8.86,1
8.35,3.04,6.17,1
7.74,2.36,4.53,0
4.52,2.68,8.75,0
11.18,4.54,7.77,1
10.55,1.1,8.06,1
8.11,1.92,7.16,1
3.57,5.31,8.16,1
11.75,4.38,7.72,1
3.45,4.32,8.87,1
11.68,1.49,5.94,1
3.15,1.0,5.09,0
5.52,3.35,6.7,0
5.07,4.34,8.4,1
11.51,2.22,8.91,1
10.78,5.93,8.32,1
5.21,4.98,5.39,1
9.93,1.3,6.61,1
9.92,4.74,5.87,1
10.65,1.79,8.52,1
5.75,5.76,6.24,1
5.73,5.46,8.04,1
8.75,0.9,7.52,1
9.74,3.41,5.45,1
7.16,4.47,7.99,1
10.38,3.83,8.42,1
5.65,0.58,5.12,0
8.66,3.54,6.22,1
3.79,1.86,5.53,0
10.65,5.81,5.1,1
11.46,3.28,6.78,1
6.2,2.06,8.06,0
6.0,3.84,7.15,0
3.24,4.08,4.54,1
7.74,4.9,8.26,1
8.35,5.17,8.11,1
11.48,3.77,7.38,1
4.42,2.49,4.64,0
7.41,4.17,5.14,1
8.21,2.21,6.64,1
9.13,0.96,8.19,1
10.07,1.6,6.44,1
8.95,4.37,7.63,1
9.24,2.92,4.66,1
7.66,3.61,5.79,1
5.86,5.8,5.06,1
4.53,4.27,8.4,1
9.26,0.84,8.1,1
11.58,2.19,6.59,1
8.83,2.11,8.21,1
10.97,1.72,7.68,1
10.32,2.72,5.34,1
11.43,3.67,8.71,1
10.74,4.54,5.65,1
3.13,4.64,6.84,1
7.97,4.28,4.98,1
7.29,3.62,5.49,0
5.99,1.04,7.82,0
9.15,2.26,5.88,1
11.16,5.93,8.07,1
11.11,3.63,7.71,1
11.57,2.83,6.83,1
8.37,3.01,5.63,1
5.11,2.34,4.56,0
8.81,2.13,5.64,1
11.05,5.48,8.81,1
3.6,2.21,6.95,0
10.1,2.11,5.89,1
6.82,4.77,7.79,1
10.89,5.0,8.51,1
10.62,0.68,7.01,1
11.12,1.7,7.3,1
11.28,3.17,8.17,1
11.11,4.36,8.69,1
8.63,4.49,6.59,1
6.75,4.06,7.15,1
10.74,5.8,5.42,1
5.72,0.6,8.73,0
3.87,4.65,6.33,1
8.4,3.12,7.34,1
9.8,3.75,5.43,1
6.39,1.12,6.01,0
9.67,5.64,7.58,1
10.83,5.52,7.1,1
3.29,2.72,8.09,0
5.63,3.94,8.54,0
9.55,5.79,4.66,1
11.04,5.47,7.79,1
8.96,4.5,4.86,1
6.53,3.15,8.95,0
7.6,4.33,8.48,1
9.49,3.13,6.7,1
5.75,1.51,8.77,0
6.81,5.73,7.19,1
8.42,1.56,7.12,1
7.23,2.55,6.89,1
8.22,1.93,4.58,1
3.17,0.92,7.89,0
5.09,2.08,6.41,0
4.81,3.55,4.77,0
8.66,4.1,6.25,1
4.76,1.58,6.81,0
11.64,1.66,6.92,1
10.27,3.99,5.56,1
3.23,5.68,6.32,1
6.55,1.35,7.34,1
9.67,2.94,8.83,1
6.23,3.67,8.77,0
5.53,4.18,6.25,1
6.15,3.4,7.26,0
3.19,1.81,5.69,0
5.91,0.56,7.68,0
6.86,5.45,8.03,1
8.55,2.21,6.05,1
10.57,3.9,6.69,1
4.27,2.86,7.54,0
3.1,3.03,8.31,0
10.71,4.31,6.11,1
11.02,0.89,6.74,1
10.96,2.41,8.52,1
4.64,1.5,6.91,0
11.19,2.71,4.73,1
6.14,4.13,7.69,1
10.27,3.35,8.13,1
10.5,1.3,6.48,1
3.07,4.03,5.15,1
8.14,1.32,7.78,1
5.45,0.58,8.73,0
9.19,2.55,6.62,1
11.97,3.71,6.26,1
6.75,3.96,4.75,1
9.27,2.86,5.46,1
5.03,1.34,7.67,0
3.24,3.01,4.82,0
3.67,3.98,6.37,0
3.07,5.48,5.68,1
10.2,4.56,7.35,1
9.73,5.77,4.72,1
10.49,5.26,5.91,1
8.04,0.77,8.6,1
10.84,1.13,8.92,1
5.27,3.0,6.33,0
6.26,5.21,8.0,1
8.56,0.75,8.65,1
6.43,5.85,7.41,1
5.1,1.7,7.47,0
3.7,5.88,4.99,1
5.76,5.88,5.27,1
8.49,5.85,5.27,1
8.71,4.63,5.87,1
4.36,3.96,6.33,0
9.67,1.94,4.67,1
11.3,3.33,5.63,1
5.27,5.51,9.0,1
5.48,5.67,5.84,1
5.43,4.48,7.33,1
7.34,1.06,4.96,1
7.88,5.22,8.42,1
5.17,3.36,6.93,0
10.41,3.82,5.9,1
6.4,0.51,7.53,0
3.26,3.21,8.98,0
3.53,5.07,8.51,1
10.59,1.4,6.15,1
10.59,1.03,7.27,1
8.49,3.92,8.47,1
3.82,0.88,5.4,0
6.85,0.73,7.09,1
7.84,3.78,8.44,1
5.9,3.78,6.29,0
4.69,3.2,4.76,0
7.44,4.82,5.68,1
9.79,3.0,7.33,1
10.81,1.68,6.04,1
9.12,2.08,4.6,1
11.66,3.12,4.58,1
9.44,1.65,5.3,1
6.2,1.93,5.24,0
5.87,5.5,5.7,1
10.29,4.71,7.37,1
11.16,4.38,8.07,1
3.78,5.32,7.05,1
6.05,3.0,6.61,0
5.56,5.93,7.25,1
9.26,2.9,7.06,1
8.06,5.0,5.03,1
3.82,2.35,6.84,0
4.49,3.1,7.17,0
4.91,0.99,7.71,0
10.08,5.64,5.81,1
11.39,4.24,6.57,1
8.47,5.94,5.65,1
4.52,4.39,4.7,1
3.43,3.66,8.23,0
10.09,3.57,5.59,1
5.29,5.39,6.54,1
8.4,4.48,5.64,1
11.36,4.35,6.3,1
3.17,1.04,5.19,0
3.01,0.54,7.68,0
3.67,2.38,4.75,0
6.5,2.2,6.65,1
4.25,4.27,4.61,1
11.25,0.87,8.65,1
4.42,2.77,5.86,0
9.22,1.15,7.38,1
10.94,4.38,5.86,1
9.18,5.07,5.34,1
6.2,2.91,7.39,0
5.65,5.75,8.68,1
11.82,3.27,8.5,1
8.14,1.89,5.06,1
9.57,1.53,5.68,1
7.31,2.18,5.34,0
4.86,1.23,8.11,0
9.0,3.16,5.83,1
6.19,5.73,8.08,1
7.64,1.51,7.05,1
9.05,2.53,5.21,1
4.72,4.98,7.81,1
10.48,4.07,7.31,1
11.83,0.69,8.05,1
8.56,2.48,5.58,1
8.41,2.91,6.47,1
10.29,4.67,5.87,1
3.21,2.72,4.79,0
4.56,3.75,7.92,0
8.21,3.52,8.82,1
9.78,2.04,5.77,1
5.53,5.73,8.08,1
10.48,3.36,8.39,1
11.81,4.55,4.84,1
8.41,1.17,8.45,1
7.65,5.96,7.99,1
4.54,5.51,7.99,1
9.17,5.11,8.62,1
5.25,2.36,6.79,0
6.03,1.75,6.22,1
8.0,5.29,6.57,1
9.03,2.94,4.56,1
11.47,1.69,8.27,1
9.84,2.2,7.15,1
8.32,2.81,5.61,1
4.78,0.74,8.37,0
8.01,1.97,6.92,1
9.92,5.55,6.91,1
5.94,2.92,7.9,0
4.37,4.39,8.78,1
10.78,0.88,4.75,1
3.9,3.5,5.47,0
10.01,5.61,8.53,1
5.84,2.64,7.98,0
7.7,4.11,7.96,1
9.49,2.36,6.07,1
3.59,2.87,6.82,0
7.86,1.69,7.6,0
5.53,0.76,6.39,0
10.88,2.88,6.08,1
4.29,5.54,5.72,1
10.93,3.42,6.34,1
10.97,3.0,7.19,1
6.22,2.0,8.66,0
10.49,4.87,6.13,1
6.87,1.96,6.95,1
5.03,3.66,6.58,0
5.17,5.1,8.36,1
5.64,1.47,7.77,0
7.33,1.75,4.55,1
10.52,5.87,8.62,1
10.22,4.16,7.05,1
3.61,0.61,7.89,0
4.2,0.81,4.65,0
10.24,4.71,6.42,1
6.36,1.35,4.6,0
5.88,3.03,6.65,0
4.37,4.53,8.24,1
8.5,1.99,5.96,1
8.44,5.85,6.49,1
7.94,2.67,7.63,1
9.13,5.16,6.13,1
3.78,3.07,8.97,0
11.47,4.78,4.85,1
10.86,5.72,7.5,1
9.17,0.67,6.91,1
5.97,3.42,5.01,0
4.13,3.89,4.71,0
6.93,2.75,6.72,1
11.96,4.98,5.24,1
4.39,4.12,6.69,1
11.47,1.49,5.06,1
8.41,0.78,5.64,1
5.22,4.28,5.53,1
8.22,4.5,6.11,1
8.2,4.8,7.91,1
5.33,2.14,6.06,0
8.16,3.07,6.38,1
5.41,2.15,4.87,0
8.27,4.27,4.91,1
11.89,4.05,6.22,1
7.4,0.51,6.74,0
3.24,1.83,7.86,0
3.7,0.84,5.48,0
11.63,3.15,6.04,1
7.91,1.26,7.56,0
3.19,3.49,7.99,0
10.48,4.37,8.18,1
5.93,3.81,8.28,0
4.17,1.37,7.76,0
4.92,1.05,5.37,0
9.13,4.32,5.34,1
4.56,3.52,8.34,0
8.12,3.21,5.91,1
4.99,4.14,5.15,1
7.24,4.28,8.42,1
3.38,3.73,8.94,0
10.64,1.14,5.79,1
4.72,0.74,7.81,0
10.01,1.51,6.41,1
10.4,5.74,8.26,1
10.0,4.0,6.22,1
5.5,4.43,8.71,1
7.03,1.99,6.64,1
9.21,1.73,5.24,1
4.04,2.02,6.58,0
8.39,5.19,5.23,1
8.98,0.97,7.15,1
8.7,4.22,6.66,1
9.62,3.53,7.49,1
8.68,0.98,8.58,1
9.66,5.95,8.38,1
6.25,2.71,8.22,0
7.81,5.33,6.61,1
5.71,3.28,7.25,0
10.77,4.38,6.44,1
11.9,4.3,7.1,1
5.88,2.67,5.93,0
10.28,4.72,5.19,1
7.81,4.15,6.16,1
6.13,1.78,5.58,0
7.55,1.65,7.59,0
3.77,5.86,4.53,1
5.8,3.0,7.32,0
9.76,5.32,8.25,1
3.72,4.5,7.97,1
11.45,1.97,6.39,1
6.36,4.29,5.43,1
5.62,3.04,5.33,0
10.59,2.57,6.91,1
9.15,3.69,8.3,1
10.31,2.83,8.64,1
6.98,5.74,6.71,1
3.31,4.98,7.79,1
9.22,5.6,7.03,1
3.03,4.59,6.57,1
7.63,2.91,7.33,1
6.59,4.66,5.47,1
4.7,4.14,5.51,1
8.74,5.84,6.7,1
5.16,1.61,7.76,0
5.39,3.28,6.72,0
3.56,4.22,5.03,1
11.19,5.27,4.6,1
4.72,2.22,4.9,0
10.52,2.4,8.94,1
9.71,0.98,4.61,1
5.99,0.8,5.97,0
5.08,1.93,6.46,0
3.58,4.88,5.74,1
8.14,4.18,7.91,1
8.73,2.72,5.15,1
11.81,1.8,7.7,1
11.37,1.02,7.05,1
4.21,3.54,5.04,0
3.02,0.65,6.89,0
6.73,3.64,7.57,0
8.52,5.54,8.92,1
11.15,1.86,6.95,1
8.17,1.07,4.91,1
5.61,2.62,6.3,0
8.79,4.33,7.39,1
5.27,5.21,7.0,1
5.64,6.0,8.74,1
5.55,1.0,5.71,0
4.64,2.42,5.08,0
5.87,0.53,6.52,0
3.25,2.85,4.5,0
6.99,1.19,8.67,1
4.55,3.35,5.57,0
3.19,3.11,6.76,0
3.04,4.37,5.38,1
7.41,4.78,7.11,1
11.32,1.25,8.89,1
6.88,0.69,4.72,0
3.94,1.08,6.94,0
7.87,1.14,5.13,0
11.7,2.09,8.01,1
9.49,1.86,7.53,1
7.69,1.62,8.94,1
5.81,5.67,8.2,1
6.95,5.28,8.93,1
4.97,4.98,5.01,1
7.8,4.47,6.39,1
3.51,1.1,8.56,0
8.62,4.49,6.01,1
4.08,1.73,5.69,0
11.07,1.86,5.72,1
8.47,4.11,6.75,1
10.85,2.7,8.52,1
8.55,0.77,4.65,1
3.77,3.09,8.1,0
3.03,3.6,8.76,0
8.18,2.93,8.12,1
5.6,1.99,5.38,0
5.3,3.61,8.8,0
10.86,5.96,5.29,1
4.09,4.56,5.28,1
7.17,1.04,4.63,1
3.55,5.28,6.05,1
10.87,3.5,7.49,1
11.73,0.87,4.63,1
4.53,4.59,6.39,1
7.12,2.72,7.66,0
7.33,3.77,6.06,1
6.94,1.79,8.09,0
9.88,2.8,7.23,1
4.56,2.79,8.54,0
3.74,5.93,5.46,1
3.39,5.07,7.8,1
9.84,2.37,5.96,1
9.99,1.92,5.57,1
11.56,3.07,7.42,1
9.42,3.32,5.2,1
4.61,3.5,5.38,0
8.67,5.36,8.68,1
7.37,4.62,6.15,1
4.87,0.53,8.9,0
5.05,1.69,8.34,0
3.62,1.23,7.88,0
6.86,1.91,7.64,0
3.36,5.28,5.68,1
10.45,5.44,6.06,1
4.22,4.75,7.08,1
7.76,3.49,8.99,1
8.15,5.79,4.95,1
5.33,1.94,8.4,0
8.02,1.3,7.56,1
7.73,4.82,8.42,1
7.17,3.91,6.21,1
4.17,2.72,8.74,0
11.07,4.48,6.49,1
8.05,1.83,5.65,1
10.35,0.98,8.78,1
3.12,1.8,8.73,0
5.39,1.23,7.96,0
10.88,1.47,5.05,1
8.33,2.99,5.83,1
10.2,0.99,8.58,1
4.15,0.8,4.75,0
4.36,0.72,8.45,0
10.84,1.61,6.2,1
7.39,2.3,6.34,0
6.28,5.54,5.5,1
7.19,2.84,5.84,0
8.58,1.93,7.9,1
3.91,4.96,8.58,1
10.41,3.78,8.85,1
7.53,4.8,7.11,1
3.13,0.67,7.96,0
4.57,1.66,5.65,0
7.47,1.93,8.44,1
8.13,5.98,7.8,1
9.67,5.25,7.0,1
11.71,1.93,8.58,1
8.49,5.07,7.41,1
5.54,0.58,7.6,0
5.74,5.47,5.34,1
3.92,2.35,6.34,0
5.67,2.68,4.92,0
4.06,3.37,5.92,0
3.09,5.19,8.12,1
3.48,0.99,7.41,0
8.12,1.03,8.49,1
10.23,3.46,7.87,1
7.04,4.53,5.99,1
8.66,5.03,6.46,1
4.34,4.81,7.74,1
9.79,2.02,6.12,1
6.5,5.21,7.01,1
8.93,3.54,7.28,1
5.38,3.01,6.71,0
9.93,5.25,4.55,1
6.79,3.15,5.71,0
4.09,3.33,5.42,0
4.29,2.18,7.96,0
7.88,4.18,7.59,1
8.42,3.62,4.92,1
9.44,4.25,6.05,1
10.86,5.95,7.37,1
4.81,1.7,6.14,0
9.77,5.39,4.52,1
9.72,2.6,6.1,1
5.09,5.98,8.87,1
8.35,2.09,4.97,1
7.15,3.98,8.46,0
6.84,5.29,6.51,1
5.89,2.32,8.43,0
10.8,1.93,6.79,1
7.67,5.14,4.58,1
11.8,0.55,8.54,1
3.49,5.12,4.54,1
3.98,5.62,4.63,1
8.09,5.94,5.3,1
10.94,4.35,5.45,1
10.47,3.59,7.96,1
7.32,3.07,6.92,0
3.74,1.08,8.0,0
11.93,4.61,6.76,1
4.42,4.28,8.0,1
9.55,2.61,6.38,1
3.99,3.65,6.09,0
8.52,4.86,6.9,1
9.81,2.7,4.92,1
11.23,5.94,4.56,1
9.59,1.62,6.93,1
3.8,1.59,6.64,0
9.92,5.52,8.61,1
11.3,0.92,6.26,1
4.09,3.1,5.24,0
11.21,3.5,7.04,1
4.96,4.89,5.0,1
9.8,4.55,6.39,1
10.18,1.51,7.76,1
5.21,0.76,6.75,0
7.62,0.64,7.19,1
7.38,5.38,5.66,1
8.01,4.97,6.79,1
3.35,5.65,6.06,1
10.52,2.5,8.16,1
3.43,5.5,7.73,1
10.92,4.23,5.92,1
10.03,3.08,6.19,1
6.66,3.49,7.9,1
9.48,1.43,6.26,1
3.23,4.45,7.25,1
8.14,4.94,7.71,1
8.97,4.75,7.36,1
6.52,0.68,8.31,1
3.72,1.38,8.86,0
3.94,1.49,7.7,0
11.95,5.63,6.39,1
11.62,5.43,5.86,1
5.64,3.04,6.58,0
9.03,2.22,5.78,1
9.53,2.27,4.73,1
3.73,0.81,8.13,0
6.8,4.69,6.34,1
6.01,4.32,5.41,1
6.22,2.07,5.24,1
4.87,3.25,4.89,0
4.85,1.42,4.91,0
6.52,5.86,8.0,1
9.82,1.35,6.13,1
10.78,4.6,5.8,1
4.04,3.04,6.28,0
7.39,2.28,8.63,1
5.45,3.24,5.79,0
5.68,2.59,7.63,0
7.01,2.66,7.63,1
3.61,0.87,8.14,0
8.19,1.8,6.24,1
9.1,3.73,7.97,1
3.66,5.11,5.8,1
7.87,3.85,8.54,0
9.37,5.68,5.32,1
7.14,0.6,5.47,0
10.5,1.88,7.72,1
10.89,4.0,4.6,1
10.88,5.33,5.21,1
6.04,2.84,5.45,0
5.31,3.16,5.62,0
9.26,0.84,4.7,1
3.32,4.7,7.11,1
11.31,5.32,6.87,1
10.65,2.92,6.15,1
3.21,3.82,7.69,0
6.82,0.82,5.36,0
4.63,0.62,5.93,0
5.61,1.85,6.19,0
9.58,1.6,6.61,1
7.58,3.0,5.85,1
8.13,1.71,6.71,1
11.5,3.38,6.6,1
3.89,4.44,8.11,1
10.97,0.98,4.79,1
10.94,3.29,6.33,1
10.0,2.72,7.25,1
8.44,5.37,7.8,1
10.04,1.19,8.24,1
5.92,4.42,8.87,1
9.94,0.87,7.93,1
6.15,4.25,7.29,1
3.03,5.62,8.2,1
7.05,5.2,4.99,1
9.21,1.54,8.71,1
10.37,2.92,8.48,1
4.45,4.46,5.08,1
7.04,1.56,5.64,1
5.67,1.29,7.91,0
3.93,4.26,6.5,1
4.9,1.92,5.9,0
10.64,5.28,8.81,1
7.66,3.21,8.49,1
4.64,0.95,5.22,0
4.2,5.61,8.22,1
10.14,1.19,5.58,1
7.57,4.52,7.23,1
5.64,2.23,7.18,0
3.8,4.06,6.29,1
3.88,1.93,5.83,0
10.95,5.69,8.94,1
11.79,5.4,6.07,1
4.99,4.17,4.99,1
7.38,0.7,8.91,0
9.15,1.77,5.91,1
10.63,1.06,8.67,1
3.76,4.53,6.82,1
4.79,0.52,4.94,0
11.48,4.18,7.59,1
9.76,0.92,7.93,1
5.6,2.65,6.5,0
8.85,0.66,6.06,1
8.81,3.7,8.25,1
9.97,1.75,4.82,1
10.43,2.97,5.75,1
5.52,3.43,7.3,0
3.72,1.81,7.21,0
5.03,1.27,5.44,0
7.22,5.42,6.78,1
8.12,1.9,7.24,1
4.1,4.93,7.92,1
9.9,4.89,7.39,1
5.23,3.48,8.93,0
10.79,3.44,7.54,1
3.19,2.07,5.16,0
4.99,2.62,8.89,0
10.75,5.48,4.75,1
7.01,5.66,4.71,1
9.66,3.96,4.53,1
5.11,2.94,6.63,0
8.42,0.93,7.22,1
7.91,1.31,5.57,0
9.75,4.61,7.66,1
3.69,2.09,4.89,0
9.3,3.85,8.09,1
8.21,5.51,8.95,1
8.39,3.35,5.21,1
7.67,4.91,5.89,1
4.36,1.86,7.91,0
3.39,1.68,5.35,0
8.77,4.56,8.15,1
3.41,3.84,8.63,0
7.22,4.81,8.64,1
8.07,2.79,5.27,1
3.57,4.47,6.05,1
7.31,3.57,5.03,0
11.47,5.03,6.18,1
11.23,1.19,5.45,1
5.02,1.41,5.83,0
3.54,3.14,5.57,0
7.22,4.18,6.17,1
10.68,1.95,6.04,1
8.98,2.99,5.83,1
9.0,5.13,4.87,1
4.13,1.34,4.65,0
11.41,1.81,8.26,1
6.07,4.12,4.54,1
7.05,2.53,8.0,1
5.3,1.12,5.69,0
7.05,2.95,6.4,0
5.78,3.84,4.93,0
7.45,2.3,6.96,0
3.3,2.22,6.0,0
8.05,5.74,6.89,1
3.73,3.59,5.22,0
5.67,2.63,5.75,0
8.51,5.12,7.52,1
3.05,1.88,7.82,0
11.26,5.06,5.82,1
4.29,0.62,4.98,0
3.11,2.39,8.07,0
5.11,0.83,8.69,0
4.31,3.99,4.86,0
11.19,1.17,5.82,1
7.0,0.79,6.86,1
5.15,5.35,4.63,1
11.34,1.41,4.63,1
5.28,4.13,5.51,1
7.81,5.7,8.41,1
10.95,4.47,5.47,1
10.76,2.27,7.6,1
7.17,3.0,7.86,1
4.23,3.99,4.98,0
5.48,2.76,7.89,0
6.74,5.16,5.54,1
8.84,0.82,8.13,1
3.6,1.47,8.99,0
5.05,5.7,5.61,1
9.88,4.27,7.26,1
10.81,1.4,5.17,1
8.43,4.03,6.65,1
4.97,4.86,6.56,1
7.38,4.55,5.52,1
4.24,2.69,7.09,0
11.53,1.45,8.21,1
10.77,1.72,8.77,1
5.96,4.2,7.59,1
6.09,5.96,7.27,1
9.98,5.63,6.35,1
7.86,5.35,6.42,1
10.77,1.2,8.06,1
11.58,1.77,4.8,1
8.38,5.92,7.11,1
6.73,1.94,4.52,1
6.9,5.85,7.65,1
10.33,2.14,5.4,1
4.69,2.67,7.95,0
10.54,3.62,7.56,1
9.77,1.23,7.6,1
7.51,5.13,6.93,1
8.12,3.08,4.74,1
7.6,1.25,4.63,1
4.33,5.35,9.0,1
6.0,2.41,6.5,0
3.24,3.8,6.8,0
9.4,1.05,6.32,1
8.4,3.71,7.09,1
3.54,2.17,4.97,0
11.09,3.07,5.35,1
11.65,3.48,7.62,1
8.77,0.8,7.79,1
5.31,5.75,8.55,1
10.4,4.71,8.69,1
11.45,1.93,5.53,1
6.57,2.23,7.66,0
10.78,1.48,7.12,1
3.44,2.3,4.68,0
4.89,0.81,8.15,0
11.21,5.22,8.25,1
4.82,3.75,5.43,0
6.69,0.59,4.66,0
10.44,3.88,6.92,1
8.81,1.35,7.78,1
4.2,5.12,7.23,1
4.91,2.69,6.26,0
3.65,5.99,7.34,1
8.64,1.89,8.25,1
7.66,2.35,8.77,0
7.28,3.4,5.8,0
4.31,2.63,7.36,0
8.16,0.6,6.74,1
4.47,3.69,8.09,0
7.87,1.06,7.63,1
4.26,2.47,5.67,0
4.6,1.03,7.85,0
9.1,4.66,7.61,1
7.36,3.69,8.73,1
4.71,3.21,7.36,0
7.0,2.38,7.38,1
6.03,5.03,5.63,1
6.11,2.11,8.17,0
7.71,1.02,4.88,0
6.42,5.6,8.03,1
7.84,1.77,6.25,0
8.69,3.93,7.32,1
4.41,5.26,7.22,1
7.65,4.27,6.11,1
8.56,4.16,8.35,1
8.04,0.76,4.88,1
4.32,1.1,5.92,0
5.22,5.33,6.58,1
8.55,3.14,6.65,1
9.95,1.47,5.9,1
9.79,3.28,5.76,1
8.93,5.07,7.62,1
11.67,4.48,6.41,1
3.27,5.18,8.73,1
3.23,1.95,4.62,0
6.78,3.7,8.48,0
9.91,4.2,6.93,1
8.85,0.87,6.12,1
10.35,0.76,8.22,1
6.36,3.32,7.39,1
5.22,1.35,5.26,0
8.48,5.67,4.92,1
7.97,5.75,8.96,1
8.02,1.72,8.32,1
5.1,4.04,6.96,1
11.4,2.69,8.64,1
10.64,2.8,4.84,1
5.05,2.99,5.17,0
4.01,3.73,8.41,0
8.87,2.23,6.91,1
3.2,2.65,5.87,0
6.08,2.83,8.95,0
4.13,4.84,6.66,1
4.86,4.74,6.59,1
10.11,0.94,5.52,1
10.23,2.24,5.77,1
10.98,4.97,6.37,1
6.41,1.64,6.36,0
6.87,3.56,6.56,1
4.42,5.05,7.95,1
3.25,4.27,7.38,1
5.34,2.56,6.3,0
3.17,2.62,7.31,0
8.75,0.96,8.64,1
3.25,5.09,6.63,1
4.27,0.94,5.56,0
3.02,4.59,7.52,1
4.5,5.78,4.67,1
3.22,3.64,7.08,0
9.81,5.91,6.5,1
10.18,4.19,6.43,1
4.53,5.88,6.18,1
10.23,2.66,4.52,1
8.93,4.51,6.91,1
10.54,3.81,4.54,1
7.3,1.11,6.27,1
7.6,5.58,8.82,1
5.38,1.48,8.36,0
4.21,5.32,7.54,1
9.2,1.15,8.08,1
7.61,0.8,5.01,0
11.65,4.45,8.92,1
6.88,3.63,6.65,0
9.38,4.6,7.9,1
7.32,1.5,6.7,0
3.71,4.82,6.91,1
8.74,5.1,8.54,1
8.35,1.76,5.54,1
11.37,0.9,4.68,1
3.13,5.66,7.27,1
4.34,1.85,8.94,0
8.64,1.94,8.14,1
5.3,1.46,8.79,0
11.97,5.41,5.96,1
9.28,3.58,8.19,1
4.06,2.97,5.35,0
10.14,1.33,8.42,1
8.04,0.99,7.63,1
8.69,5.47,6.2,1
3.59,4.92,7.44,1
10.73,5.14,5.48,1
6.17,2.37,5.23,0
5.04,5.47,6.18,1
6.16,1.18,8.06,0
5.07,3.59,6.81,0
5.54,2.45,8.36,0
5.7,2.54,4.5,0
4.45,1.54,7.32,0
8.11,4.5,4.66,1
7.83,4.17,6.95,1
8.33,5.7,7.85,1
6.19,1.8,5.86,0
6.19,5.22,5.54,1
7.48,3.66,5.03,0
3.67,1.35,8.55,0
6.39,1.84,5.65,1
10.12,2.62,6.78,1
11.43,0.73,4.95,1
6.29,4.6,8.59,1
3.81,3.73,7.75,0
6.13,5.04,6.72,1
3.73,1.8,6.08,0
6.48,0.81,8.56,1
6.36,1.04,8.04,0
11.98,4.92,5.63,1
11.62,2.48,4.8,1
10.94,0.64,6.44,1
9.99,0.73,5.34,1
7.27,2.09,6.51,1
8.74,2.65,5.64,1
11.17,1.4,8.14,1
3.95,2.1,5.58,0
9.58,2.84,8.74,1
5.23,3.23,4.72,0
7.69,2.33,8.54,1
3.41,5.27,6.76,1
3.88,3.39,5.32,0
10.97,3.74,6.43,1
3.26,2.4,7.33,0
8.71,1.67,6.47,1
7.44,5.8,5.67,1
8.4,3.95,5.2,1
7.24,5.61,4.62,1
11.25,4.31,6.43,1
3.29,3.49,7.49,0
6.24,1.6,8.83,1
10.34,5.22,6.83,1
4.38,0.6,4.66,0
11.64,5.24,5.53,1
8.63,1.01,8.32,1
5.04,3.22,5.66,0
8.8,2.66,8.67,1
6.35,3.2,6.7,0
6.1,1.73,5.66,0
11.32,1.43,4.83,1
9.03,2.54,5.83,1
7.36,4.54,7.96,1
11.84,3.1,7.52,1
9.84,4.18,7.05,1
3.78,2.43,7.16,0
4.45,2.01,6.12,0
11.19,5.69,7.46,1
5.24,0.96,5.07,0
11.44,3.43,8.89,1
11.45,1.06,7.7,1
4.88,3.08,8.18,0
3.48,3.14,4.85,0
11.93,4.67,8.72,1
9.28,1.94,6.52,1
8.72,5.61,7.01,1
10.81,2.17,8.46,1
8.08,4.38,8.07,1
7.67,4.49,4.56,1
9.24,4.33,7.27,1
3.95,5.36,8.65,1
6.8,3.17,6.62,1
5.97,4.52,8.84,1
10.27,0.86,5.8,1
7.89,4.03,7.96,1
8.53,2.72,7.46,1
11.89,5.85,5.33,1
11.69,4.97,6.09,1
4.52,1.99,5.5,0
4.04,2.13,4.73,0
4.36,4.79,6.11,1
4.16,4.91,6.29,1
4.93,0.59,6.63,0
8.05,1.26,6.49,1
4.22,4.46,8.72,1
4.32,1.42,7.01,0
7.28,5.24,7.85,1
8.59,1.69,5.47,1
11.99,2.37,5.16,1
4.69,5.53,8.02,1
4.19,3.22,6.95,0
7.96,4.36,5.66,1
3.07,2.74,7.63,0
6.92,0.97,4.88,0
3.91,2.75,4.96,0
3.83,3.59,5.2,0
5.53,1.68,8.97,0
9.71,4.39,8.06,1
10.75,3.63,5.89,1
7.28,3.67,6.65,0
5.51,3.05,5.54,0
4.72,4.97,6.58,1
9.01,2.14,8.24,1
5.52,3.26,8.2,0
6.67,2.67,6.75,0
11.41,3.22,6.65,1
6.41,2.82,8.12,1
11.19,1.67,5.0,1
9.22,1.23,4.57,1
3.9,3.9,4.84,0
6.18,3.91,5.94,0
3.32,5.46,8.81,1
3.34,4.49,8.86,1
11.92,1.05,4.94,1
8.47,2.92,8.59,1
9.9,1.63,5.18,1
7.23,1.36,4.83,1
7.49,1.48,6.65,1
6.26,3.95,5.51,0
5.3,4.17,8.23,1
8.33,5.75,4.51,1
5.48,3.57,5.49,0
11.29,5.18,8.82,1
7.51,4.21,6.15,1
3.79,1.59,6.85,0
7.33,1.2,6.88,0
9.81,4.57,6.28,1
9.02,1.5,6.11,1
7.61,4.6,8.49,1
4.58,4.12,8.61,1
11.78,1.37,5.71,1
7.65,1.68,5.5,1
9.33,1.77,5.83,1
6.78,4.24,7.49,1
7.27,5.04,5.01,1
10.51,5.41,7.8,1
6.59,2.21,4.93,0
10.01,0.51,7.58,1
4.2,4.14,7.8,1
8.51,1.0,8.67,1
10.3,5.61,7.85,1
7.13,4.4,5.05,1
3.07,5.61,6.81,1
8.71,4.36,6.15,1
10.23,5.82,8.32,1
5.55,3.58,5.78,0
4.67,3.27,6.31,0
9.72,1.3,6.48,1
8.36,2.56,6.36,1
4.85,2.05,4.57,0
8.64,3.0,8.71,1
4.64,3.29,5.05,0
3.81,4.69,7.01,1
8.3,1.98,5.66,1
3.45,5.81,7.38,1
10.61,2.31,5.67,1
7.97,1.13,8.88,0
8.72,5.12,5.16,1
10.06,5.47,8.79,1
3.48,2.39,5.8,0
8.93,4.49,5.73,1
4.71,1.31,8.56,0
3.71,5.33,6.37,1
7.25,3.45,8.78,1
5.93,2.73,4.73,0
5.97,1.07,7.86,0
8.87,3.54,6.76,1
10.35,3.11,7.45,1
11.99,3.29,9.0,1
3.5,1.11,7.45,0
6.14,3.08,7.62,1
6.62,5.44,4.82,1
7.8,3.32,8.63,0
4.49,1.48,6.43,0
8.03,4.47,5.14,1
7.06,0.99,8.25,0
11.45,2.23,4.81,1
10.84,3.1,7.3,1
6.95,5.2,7.5,1
6.32,4.31,7.72,1
6.44,5.45,5.29,1
6.25,1.14,8.29,0
5.39,3.38,5.69,0
8.67,3.96,6.78,1
9.04,4.97,8.65,1
10.01,2.79,5.77,1
3.83,4.49,7.96,1
8.28,1.91,8.09,1
10.85,4.66,7.95,1
10.92,3.26,5.18,1
6.41,3.79,8.69,0
9.43,0.75,7.91,1
11.07,4.83,5.14,1
4.1,2.8,6.77,0
8.87,2.23,5.48,1
10.93,1.75,8.86,1
5.21,4.61,5.58,1
3.03,5.57,4.79,1
8.51,4.44,5.96,1
7.98,3.59,8.82,1
4.59,0.86,8.22,0
5.95,4.43,7.44,1
9.15,0.71,8.69,1
9.68,3.04,7.61,1
7.31,5.83,7.85,1
11.47,5.64,5.65,1
10.28,1.43,4.82,1
7.75,2.87,5.35,0
4.11,4.11,5.43,1
11.51,4.58,7.83,1
4.94,4.52,5.46,1
8.67,3.84,8.2,1
8.72,3.5,5.93,1
3.08,5.88,6.69,1
8.12,1.48,5.21,1
3.25,4.49,7.98,1
11.34,4.02,4.91,1
6.02,3.93,6.37,1
5.92,2.82,5.35,0
3.52,4.18,8.91,1
6.5,3.36,6.86,0
3.86,5.28,5.46,1
7.69,5.2,7.14,1
3.17,4.54,5.79,1
6.96,2.24,6.45,0
11.49,5.74,6.41,1
4.76,5.63,4.74,1
10.78,6.0,6.61,1
11.82,2.46,5.15,1
10.6,5.82,5.26,1
9.19,2.05,8.28,1
4.56,1.41,4.86,0
3.97,5.51,5.07,1
7.73,4.57,6.37,1
7.02,1.07,6.31,0
6.0,1.11,6.51,0
3.23,0.91,6.81,0
6.95,3.74,7.66,1
6.55,1.57,8.47,1
11.48,4.46,4.57,1
9.39,0.88,8.61,1
6.5,4.43,8.55,1
8.93,4.51,8.89,1
5.52,3.29,8.06,0
6.7,5.37,5.15,1
10.78,5.06,8.29,1
4.63,0.66,5.17,0
4.73,3.27,5.61,0
10.8,5.05,6.31,1
5.83,5.67,6.68,1
4.6,1.51,5.54,0
3.54,3.46,5.75,0
6.95,3.73,7.92,1
4.98,3.95,6.17,0
10.29,5.35,8.28,1
9.04,5.28,4.78,1
11.34,3.47,8.52,1
9.42,4.8,8.32,1
11.68,0.5,5.84,1
8.72,5.12,5.87,1
5.17,4.16,8.33,1
12.0,0.93,4.51,1
6.42,1.3,7.27,1
8.83,4.18,5.09,1
9.19,3.05,6.42,1
3.87,0.62,5.95,0
9.01,0.59,6.79,1
10.37,1.28,5.71,1
3.9,4.88,6.04,1
5.99,4.05,6.47,1
9.09,5.14,6.3,1
4.73,2.14,5.12,0
11.83,1.47,6.03,1
3.09,1.54,8.13,0
9.29,4.77,5.63,1
8.34,2.04,4.89,1
11.13,5.5,5.13,1
11.55,5.49,6.35,1
11.75,3.42,4.8,1
9.48,3.6,4.97,1
11.65,2.89,8.54,1
11.41,2.12,5.94,1
10.53,4.66,8.32,1
9.21,1.57,8.15,1
11.28,2.5,8.56,1
7.58,1.13,7.07,0
11.36,1.75,8.63,1
7.0,3.97,5.51,0
11.49,3.13,5.47,1
11.29,3.86,7.37,1
6.39,5.81,6.53,1
10.93,1.22,5.15,1
6.49,5.71,5.54,1
9.13,4.67,6.36,1
9.24,4.59,6.38,1
10.33,2.37,5.68,1
10.2,4.0,8.64,1
7.42,0.57,6.08,0
7.8,2.31,7.55,1
11.55,2.5,4.69,1
4.92,4.31,4.75,1
4.81,0.52,6.07,0
11.26,2.23,8.98,1
10.04,5.17,5.6,1
6.04,2.05,5.71,1
11.16,1.61,7.86,1
4.53,2.12,5.53,0
8.56,2.89,5.59,1
6.55,4.7,7.78,1
4.08,5.17,7.77,1
11.63,0.99,8.93,1
7.54,3.42,7.5,1
10.93,1.78,6.62,1
3.37,3.66,7.4,0
9.31,1.12,7.39,1
10.6,4.27,4.6,1
7.88,2.76,4.63,0
9.57,4.6,8.75,1
3.66,0.86,6.2,0
11.43,5.84,6.89,1
5.16,3.28,8.31,0
10.67,2.55,8.55,1
7.85,3.14,7.12,1
8.31,1.78,8.23,1
12.0,1.76,8.42,1
4.63,0.72,6.35,0
10.04,3.33,6.15,1
3.37,4.79,7.43,1
8.27,2.54,4.98,1
8.16,1.04,8.5,1
11.4,5.15,4.78,1
3.27,2.71,8.57,0
7.89,2.78,6.98,0
10.79,1.11,5.95,1
7.9,2.41,5.42,0
3.99,2.56,5.39,0
10.08,1.51,7.9,1
6.1,2.65,8.31,1
6.97,5.09,5.92,1
10.92,1.11,7.05,1
8.77,5.02,5.51,1
6.37,2.18,6.79,1
11.31,1.49,7.51,1
3.69,5.83,7.16,1
10.23,5.8,6.84,1
5.67,4.88,4.99,1
9.4,5.05,4.86,1
4.08,0.76,8.99,0
4.38,2.1,8.27,0
10.04,0.8,6.48,1
11.18,5.34,6.04,1
7.28,4.74,8.8,1
7.51,3.18,7.93,0
7.2,1.97,7.09,0
10.46,1.92,8.05,1
10.23,0.71,8.65,1
3.49,4.85,5.48,1
9.51,5.44,8.87,1
8.29,5.42,4.92,1
3.28,4.38,8.98,1
7.89,1.56,6.07,1
11.27,5.24,5.99,1
10.09,1.32,5.21,1
9.99,5.35,5.94,1
4.73,2.12,8.94,0
5.5,1.08,6.62,0
9.2,5.53,8.78,1
5.07,1.68,8.32,0
5.47,5.72,8.63,1
11.32,0.76,8.96,1
11.2,3.29,8.98,1
11.91,3.22,6.75,1
5.37,0.88,7.33,0
11.88,2.3,5.98,1
11.41,2.81,8.9,1
7.37,1.08,5.6,1
8.54,3.38,7.46,1
4.93,1.84,6.84,0
5.27,1.08,6.98,0
8.29,5.99,7.35,1
6.66,4.08,5.63,1
6.67,2.71,6.7,0
4.63,3.27,7.19,0
10.5,4.71,4.98,1
7.16,3.7,6.61,0
5.93,1.71,4.72,0
7.32,3.39,7.46,0
9.72,4.67,8.75,1
11.17,0.76,7.15,1
3.25,4.92,7.62,1
9.53,2.39,5.25,1
10.22,1.57,7.01,1
3.28,2.53,7.67,0
8.0,4.87,6.03,1
5.71,5.27,4.75,1
10.25,4.67,6.68,1
7.75,2.32,6.17,1
6.84,5.43,6.58,1
3.19,1.64,7.03,0
3.08,3.07,6.23,0
5.95,0.83,4.95,0
6.6,1.46,6.05,0
11.54,2.25,7.83,1
6.33,3.9,5.03,0
10.4,5.93,6.76,1
3.53,0.82,5.13,0
3.23,5.98,7.5,1
9.67,4.54,7.88,1
5.37,1.13,8.2,0
9.85,0.68,5.51,1
11.84,2.05,7.83,1
9.38,5.11,6.2,1
5.31,3.33,6.92,0
6.64,5.21,7.56,1
3.94,4.66,8.95,1
6.08,4.84,7.69,1
3.98,0.54,4.85,0
8.32,1.58,5.0,1
11.8,2.82,5.1,1
8.48,4.92,8.26,1
5.76,2.01,6.01,0
7.4,5.06,5.91,1
4.45,0.55,7.8,0
4.19,2.67,7.24,0
5.79,3.44,4.7,0
4.78,5.55,4.98,1
6.62,1.93,6.46,1
8.8,1.68,6.53,1
5.69,3.54,8.51,0
11.62,5.87,5.61,1
8.19,2.88,4.57,1
10.32,4.41,7.88,1
6.84,3.15,8.81,1
7.86,3.12,4.69,1
3.81,5.9,5.79,1
5.45,0.72,7.57,0
3.45,2.93,7.0,0
8.57,3.8,6.67,1
9.31,2.37,6.88,1
10.43,4.25,8.4,1
9.32,2.82,6.93,1
10.65,5.62,6.17,1
6.09,2.64,8.96,0
9.29,0.54,5.82,1
11.61,5.68,7.8,1
5.15,3.72,8.21,0
3.5,3.23,5.24,0
11.61,3.97,8.85,1
4.42,2.83,8.39,0
3.4,5.37,5.11,1
5.75,2.0,5.49,0
5.6,5.51,8.16,1
4.24,4.33,7.29,1
8.5,2.74,4.87,1
4.27,5.98,5.5,1
4.92,3.17,6.51,0
11.8,0.92,5.98,1
7.0,2.44,4.98,0
5.09,2.68,6.17,0
9.56,0.96,8.2,1
11.79,3.0,5.29,1
9.26,4.03,6.66,1
10.69,2.22,7.09,1
8.56,3.39,8.37,1
4.16,4.45,7.85,1
10.02,1.61,6.26,1
11.83,2.36,8.23,1
9.99,5.6,6.45,1
4.69,2.79,6.77,0
8.58,1.85,8.85,1
5.8,5.33,8.25,1
8.97,3.92,8.28,1
3.35,5.82,6.37,1
5.53,4.21,6.47,1
3.45,5.75,7.77,1
4.48,0.94,7.62,0
11.78,3.02,7.48,1
11.93,0.55,6.46,1
11.34,1.6,7.46,1
7.0,0.68,7.27,1
4.14,5.94,7.55,1
5.05,2.1,5.86,0
6.43,2.65,6.4,1
5.32,2.16,5.56,0
6.92,2.77,4.55,1
6.11,3.96,6.41,1
5.93,4.3,8.03,1
7.26,5.68,8.89,1
5.19,2.12,5.27,0
11.74,4.58,5.08,1
5.05,5.32,7.36,1
4.31,4.61,5.4,1
10.56,5.35,5.89,1
7.37,3.56,7.18,1
11.03,2.6,7.36,1
6.13,1.23,5.63,0
6.27,1.8,7.88,1
6.66,3.78,6.29,0
10.48,5.7,7.44,1
3.5,4.01,6.51,1
10.51,4.04,7.23,1
9.65,3.71,8.91,1
4.68,3.58,5.18,0
10.93,1.09,8.99,1
5.09,1.78,7.69,0
5.24,1.6,6.9,0
10.33,4.81,8.88,1
6.25,3.06,6.69,0
9.02,5.96,6.05,1
8.26,4.35,8.96,1
4.64,1.12,6.51,0
9.21,2.75,6.29,1
3.58,5.15,8.39,1
10.32,5.57,6.23,1
8.46,5.45,5.7,1
11.39,2.98,6.51,1
7.52,4.51,5.38,1
11.92,2.16,6.8,1
7.9,2.38,5.48,0
7.35,5.4,8.42,1
3.16,4.14,6.04,1
11.36,5.09,6.91,1
5.63,5.44,6.53,1
3.47,4.64,4.77,1
10.32,0.81,6.79,1
11.24,1.08,7.32,1
11.16,2.43,6.13,1
3.74,0.88,5.93,0
9.29,3.96,6.93,1
8.19,3.62,8.46,1
6.61,1.06,5.02,0
3.54,5.14,8.61,1
11.87,2.32,5.69,1
11.79,5.5,7.65,1
6.58,1.55,5.2,0
4.64,4.5,6.45,1
10.81,0.97,4.76,1
8.48,5.55,5.95,1
10.44,5.4,5.36,1
3.63,0.85,4.56,0
4.67,0.85,6.28,0
11.01,5.64,8.8,1
5.46,3.77,6.07,0
5.48,1.88,8.47,0
6.25,2.32,5.35,0
4.23,5.35,7.27,1
8.14,1.14,7.15,1
8.61,5.49,5.41,1
10.98,5.11,5.3,1
8.79,4.72,8.8,1
11.41,4.54,4.83,1
8.85,5.72,6.75,1
7.62,4.51,8.42,1
5.88,4.86,5.51,1
6.78,1.52,7.76,1
11.77,0.68,6.88,1
11.36,5.55,4.87,1
7.44,4.36,5.42,1
10.2,5.11,8.28,1
10.2,4.84,8.96,1
8.31,5.79,6.86,1
10.16,1.46,6.72,1
9.01,5.57,7.98,1
3.98,2.86,7.05,0
9.61,5.04,5.96,1
3.95,4.55,5.62,1
7.74,5.22,7.92,1
5.1,4.45,7.16,1
5.84,0.94,6.26,0
5.84,4.12,8.09,1
9.79,4.98,7.47,1
6.06,1.25,5.58,0
6.61,1.93,5.88,0
9.37,2.7,7.76,1
10.84,0.54,5.67,1
10.79,5.08,5.42,1
5.9,2.34,5.44,0
5.55,0.81,8.78,0
10.18,1.68,4.79,1
3.95,3.39,5.09,0
11.9,0.59,5.66,1
10.18,3.64,7.72,1
3.71,6.0,4.73,1
7.44,3.78,5.86,1
10.64,3.38,7.67,1
8.52,4.11,7.61,1
5.48,1.0,6.63,0
6.48,2.13,4.73,0
8.71,1.06,5.48,1
5.06,2.34,5.8,0
11.04,2.66,4.7,1
10.51,4.43,6.11,1
7.17,5.6,7.41,1
9.58,3.29,8.38,1
6.02,5.32,8.81,1
4.31,4.71,5.44,1
3.3,3.85,6.05,0
10.87,4.7,6.35,1
3.79,1.01,8.86,0
6.44,2.28,4.53,0
8.58,5.61,4.66,1
6.26,5.41,5.35,1
10.51,3.01,7.65,1
6.22,0.6,8.28,0
3.87,5.19,4.65,1
6.77,3.93,8.64,0
11.85,3.93,7.45,1
9.93,3.4,7.34,1
3.48,4.09,8.84,1
5.2,3.18,5.44,0
6.38,3.7,5.63,1
10.12,4.07,8.77,1
8.13,2.53,8.35,1
3.33,3.7,5.2,0
6.86,3.2,5.81,0
6.78,3.68,8.39,0
6.86,3.48,6.0,1
5.72,1.87,7.23,0
3.26,1.59,8.99,0
3.51,1.26,5.65,0
11.11,1.51,5.74,1
7.57,1.54,5.79,1
10.72,4.33,8.12,1
7.23,0.92,8.38,0
5.86,4.28,8.8,1
6.98,2.13,7.52,1
8.88,5.77,8.54,1
8.76,4.67,5.65,1
3.36,2.39,6.1,0
7.25,4.26,7.1,1
10.89,4.93,8.26,1
6.21,1.0,8.28,0
6.93,5.63,4.51,1
5.3,2.1,8.68,0
11.59,0.92,8.78,1
9.96,3.65,6.44,1
8.02,2.49,6.16,1
6.74,1.21,4.68,1
3.1,1.24,5.78,0
4.14,2.22,8.47,0
3.48,2.43,8.96,0
6.98,4.99,7.0,1
10.43,0.99,6.87,1
5.75,2.89,7.54,0
6.05,4.53,5.52,1
6.95,2.65,8.4,1
8.41,0.86,6.08,1
11.3,5.82,7.48,1
10.87,3.25,4.68,1
11.64,2.62,6.89,1
3.06,5.65,7.71,1
3.65,5.85,7.96,1
10.2,3.52,8.89,1
7.11,3.81,5.96,0
6.68,1.3,5.78,0
11.12,3.43,6.31,1
8.78,5.27,5.64,1
5.94,1.31,5.39,0
8.23,1.22,8.09,1
10.08,1.31,6.31,1
4.7,4.8,4.63,1
11.04,0.94,8.36,1
7.13,2.77,8.74,0
5.31,4.14,7.47,1
9.56,5.74,6.44,1
4.97,2.22,5.34,0
11.62,2.27,4.61,1
4.12,1.03,6.0,0
10.4,4.92,7.89,1
8.11,2.54,6.09,1
10.68,4.23,7.92,1
4.11,0.57,7.0,0
6.47,0.77,6.41,1
10.74,3.77,5.78,1
6.3,2.93,6.48,1
5.63,3.66,5.18,0
8.36,2.81,8.88,1
6.88,0.61,4.59,0
8.93,5.01,5.43,1
6.07,5.72,8.96,1
8.12,4.78,6.93,1
10.14,2.09,8.69,1
10.91,2.89,8.17,1
11.51,3.96,7.75,1
9.25,2.78,8.0,1
10.58,1.47,6.36,1
11.02,2.54,4.98,1
3.46,5.81,5.18,1
7.24,2.51,5.55,1
11.51,5.63,5.05,1
6.11,1.84,6.67,1
10.72,3.11,5.47,1
5.7,3.55,5.18,0
7.38,5.67,6.95,1
5.49,2.33,4.85,0
10.9,3.05,7.81,1
9.66,2.3,7.27,1
11.71,4.62,7.74,1
7.01,3.37,5.97,1
3.61,5.75,7.27,1
10.61,5.33,6.37,1
7.77,3.94,6.93,1
4.93,4.0,7.08,0
10.56,1.6,8.62,1
7.1,5.42,4.59,1
11.16,2.52,7.04,1
7.57,3.89,6.32,0
11.86,3.23,6.35,1
9.53,3.62,7.32,1
7.47,2.07,8.21,1
5.43,2.73,7.5,0
10.61,4.53,7.77,1
5.86,5.3,8.37,1
6.42,0.85,5.35,0
5.68,5.9,8.73,1
10.93,4.08,8.06,1
8.26,3.18,8.47,1
5.75,2.43,7.93,0
10.12,4.08,5.11,1
4.41,5.66,5.92,1
8.54,1.27,5.93,1
4.44,3.83,5.49,0
6.92,2.38,6.72,0
7.11,3.67,5.46,0
8.62,1.16,6.65,1
4.1,3.02,4.56,0
8.1,5.79,7.66,1
5.67,5.74,7.0,1
3.24,5.25,7.44,1
3.5,4.8,5.87,1
6.79,3.27,5.6,0
10.1,3.84,6.51,1
11.19,4.32,7.09,1
8.12,4.3,8.87,1
4.4,4.98,8.88,1
8.72,1.26,4.64,1
6.04,5.42,7.49,1
7.92,4.42,5.22,1
6.95,4.58,5.45,1
3.94,3.11,7.71,0
11.25,1.45,7.98,1
7.42,4.09,5.55,1
10.25,2.88,6.87,1
3.68,5.53,5.72,1
3.77,5.43,6.68,1
6.33,1.79,5.39,0
4.5,5.53,5.05,1
4.28,1.72,7.11,0
8.27,3.75,5.64,1
8.05,0.54,6.17,1
8.73,3.2,8.95,1
6.05,4.29,4.6,1
6.85,3.12,8.49,0
6.22,3.18,6.55,1
7.17,5.21,5.26,1
4.08,5.81,6.09,1
8.58,5.53,8.66,1
6.86,5.84,8.37,1
3.1,4.39,7.24,1
8.04,5.79,6.23,1
4.74,5.12,5.91,1
11.54,1.77,7.55,1
6.08,4.54,6.65,1
6.21,1.28,8.53,1
6.18,1.84,5.05,1
3.78,3.08,5.61,0
10.12,2.53,6.99,1
3.65,0.51,8.24,0
7.27,4.26,4.95,1
3.9,5.97,6.38,1
6.09,5.63,6.52,1
7.8,1.56,5.8,0
5.37,2.05,6.73,0
7.33,4.37,6.88,1
3.74,5.47,6.95,1
9.5,3.63,5.41,1
10.27,4.52,7.19,1
7.73,3.54,9.0,0
7.55,4.9,6.19,1
5.15,3.68,7.97,0
9.54,2.96,6.92,1
4.31,5.99,7.52,1
9.38,0.84,7.66,1
9.62,2.87,7.63,1
3.63,4.73,8.42,1
8.57,5.18,7.47,1
5.62,3.72,8.01,0
10.82,2.97,5.42,1
10.42,4.03,7.89,1
7.12,1.85,5.22,1
9.01,5.44,4.87,1
3.19,4.85,4.84,1
10.96,1.08,5.81,1
8.04,5.12,8.16,1
3.64,2.2,7.36,0
7.19,5.52,7.44,1
6.46,2.68,6.72,0
10.64,5.9,6.48,1
8.36,3.17,8.21,1
11.29,3.83,8.02,1
4.2,3.99,6.76,0
6.17,1.47,7.55,0
3.08,0.59,7.35,0
8.62,4.88,5.72,1
6.25,1.85,8.43,0
5.34,1.88,7.43,0
11.92,0.99,8.21,1
8.79,4.14,7.52,1
4.14,4.71,6.84,1
4.73,4.14,5.18,1
8.17,3.51,8.48,1
9.74,4.08,4.8,1
6.53,5.65,7.9,1
3.62,3.03,5.86,0
5.65,5.71,7.36,1
10.93,1.7,4.93,1
11.23,2.66,8.66,1
11.96,5.37,5.8,1
9.51,1.24,8.02,1
10.27,2.06,7.52,1
6.29,1.1,8.62,1
4.68,5.85,6.7,1
10.98,3.87,7.33,1
5.97,4.14,4.83,1
11.6,1.07,6.45,1
10.09,1.24,6.25,1
7.76,5.23,6.29,1
7.43,2.5,7.59,1
11.97,3.89,7.26,1
11.27,1.89,5.61,1
8.28,3.17,8.03,1
3.83,2.71,5.66,0
4.49,4.4,8.11,1
11.34,5.13,5.56,1
9.63,4.06,5.67,1
9.72,3.57,8.0,1
11.6,2.15,5.64,1
4.94,5.12,6.68,1
4.7,3.5,5.12,0
9.52,3.5,7.37,1
7.95,3.55,7.66,0
6.1,5.03,5.15,1
4.29,5.06,4.75,1
4.9,2.93,6.98,0
3.85,3.27,5.55,0
9.99,2.69,6.84,1
7.64,5.45,5.24,1
5.13,3.43,8.03,0
7.85,4.2,6.4,1
6.38,1.22,8.36,1
8.97,1.93,7.1,1
4.06,2.32,8.28,0
3.12,5.65,7.25,1
10.06,0.57,5.94,1
7.97,5.18,5.63,1
6.6,2.82,7.32,0
4.64,5.16,7.1,1
5.45,0.91,5.84,0
8.67,5.67,8.71,1
4.72,3.65,5.16,0
10.91,4.72,7.59,1
8.69,1.82,7.73,1
10.88,0.64,7.61,1
3.08,2.75,6.75,0
7.52,5.74,6.41,1
11.07,5.42,5.23,1
9.51,5.2,7.54,1
8.01,3.04,6.33,1
10.96,4.2,7.47,1
8.46,3.81,8.24,1
7.84,5.58,7.31,1
7.33,3.91,8.73,0
3.13,5.58,7.93,1
3.68,5.77,7.0,1
5.67,3.28,5.88,0
8.13,2.17,5.09,1
8.34,5.47,5.27,1
7.17,3.87,6.22,0
10.81,0.67,6.37,1
6.56,1.69,8.86,1
5.68,4.0,5.75,0
3.81,5.39,7.25,1
11.74,2.27,8.35,1
6.12,5.53,6.99,1
6.2,5.17,7.46,1
9.6,5.21,8.57,1
10.01,5.2,5.01,1
10.3,1.59,7.26,1
4.66,2.3,4.64,0
3.09,4.13,7.47,1
11.37,3.74,5.09,1
9.18,1.66,5.28,1
4.96,3.96,6.71,0
11.1,5.28,6.81,1
7.32,2.18,5.81,1
3.35,0.88,7.58,0
7.33,5.97,4.77,1
8.01,5.44,7.56,1
5.21,4.14,8.4,1
11.49,2.98,5.09,1
3.03,1.53,7.66,0
10.68,3.57,5.74,1
10.89,0.71,8.03,1
9.63,1.7,8.23,1
8.59,2.56,7.18,1
3.22,2.99,7.63,0
9.36,1.73,5.59,1
11.78,3.89,5.56,1
5.93,3.02,6.24,0
10.86,1.77,7.27,1
5.11,3.4,5.23,0
10.99,4.64,8.06,1
7.52,1.51,4.81,1
11.01,4.35,6.16,1
7.66,0.58,7.77,0
8.56,0.55,7.09,1
4.84,4.42,5.72,1
6.28,3.2,8.52,1
5.67,5.6,8.5,1
5.84,2.71,8.75,0
9.15,2.62,8.63,1
11.48,3.3,5.37,1
11.42,5.83,7.36,1
4.62,5.97,6.35,1
7.27,1.37,5.15,0
7.35,2.86,7.13,1
11.33,5.41,7.29,1
4.79,3.13,8.78,0
3.99,2.79,7.27,0
11.53,3.46,6.67,1
3.8,1.85,7.2,0
5.43,0.95,8.33,0
4.96,5.63,8.67,1
3.54,1.88,5.87,0
4.37,1.86,8.9,0
6.56,1.29,6.72,0
5.54,5.94,8.85,1
3.32,1.39,4.56,0
8.07,3.46,7.99,1
9.82,3.84,5.05,1
5.17,3.55,7.51,0
3.05,4.61,6.08,1
7.76,5.77,7.94,1
11.75,1.78,5.14,1
10.1,1.63,7.05,1
9.58,1.74,6.32,1
10.02,1.92,7.92,1
8.27,1.34,5.2,1
10.75,2.36,5.81,1
9.47,4.77,5.53,1
8.56,3.32,5.44,1
5.84,3.78,4.63,0
4.02,4.13,8.03,1
8.59,1.14,5.12,1
8.53,5.1,8.87,1
3.32,5.43,7.98,1
4.91,2.24,6.59,0
11.54,5.19,5.18,1
7.92,4.8,4.54,1
11.25,2.65,6.01,1
11.48,3.72,6.59,1
3.02,3.38,7.42,0
3.63,5.8,7.62,1
5.96,0.88,8.99,0
9.7,1.59,7.07,1
9.07,2.74,7.59,1
3.62,5.62,7.77,1
5.51,5.91,7.7,1
4.42,1.36,5.14,0
4.39,2.6,7.58,0
9.59,4.02,7.41,1
9.8,4.87,7.27,1
8.45,1.97,6.95,1
5.39,4.22,7.98,1
7.18,1.39,6.46,1
4.98,5.0,5.32,1
5.48,3.22,5.18,0
6.08,2.27,5.96,0
11.61,2.99,6.06,1
5.5,4.87,7.8,1
3.62,3.45,4.82,0
11.04,3.6,8.85,1
10.74,0.94,7.21,1
3.1,5.96,8.27,1
10.23,4.05,5.3,1
8.77,3.17,7.33,1
7.25,3.68,7.01,0
9.36,3.45,8.79,1
3.74,3.19,6.94,0
10.2,1.26,5.81,1
6.17,2.23,6.35,1
3.54,1.36,7.18,0
10.3,4.74,5.95,1
7.63,5.03,5.17,1
4.4,1.15,5.94,0
10.92,4.66,5.28,1
9.87,0.59,6.2,1
6.59,5.58,6.68,1
5.38,3.66,8.39,0
3.66,5.3,8.34,1
3.82,0.72,5.02,0
4.76,3.91,7.8,0
7.11,5.98,5.92,1
10.76,1.23,6.74,1
10.18,0.57,8.69,1
5.38,1.05,5.98,0
3.1,0.64,5.71,0
10.97,4.57,6.63,1
7.41,5.82,6.76,1
10.76,3.27,7.52,1
3.07,2.45,4.83,0
9.32,3.51,7.33,1
3.72,5.14,6.58,1
11.59,3.59,5.2,1
6.11,2.58,8.5,1
4.94,5.59,8.84,1
9.01,2.24,6.26,1
3.37,2.87,5.9,0
8.7,3.66,6.4,1
6.65,1.73,8.81,0
10.55,1.36,4.94,1
9.24,5.61,5.98,1
3.24,2.1,8.34,0
4.31,4.76,8.3,1
10.87,2.23,5.23,1
6.63,3.18,7.59,1
10.46,0.79,5.05,1
3.18,4.41,8.97,1
9.53,3.05,8.63,1
11.69,2.83,4.79,1
10.82,5.72,8.96,1
5.58,0.82,6.78,0
4.55,2.31,6.4,0
3.83,3.06,5.32,0
3.21,5.96,8.82,1
5.6,4.09,7.87,1
4.65,2.48,7.37,0
7.28,5.8,8.42,1
5.46,5.69,6.36,1
11.45,3.1,8.56,1
8.49,5.64,6.61,1
4.44,2.25,6.18,0
5.6,5.84,6.85,1
9.77,0.78,5.96,1
5.88,3.56,7.17,0
7.92,4.42,8.43,1
7.22,5.66,8.43,1
10.15,5.58,6.94,1
4.34,5.37,5.82,1
9.96,5.07,7.03,1
8.19,2.21,7.03,1
11.17,5.49,8.49,1
9.17,3.8,7.95,1
8.76,5.46,5.33,1
10.04,1.41,5.94,1
10.3,0.65,6.39,1
10.1,2.9,5.66,1
7.79,3.27,6.96,1
6.27,0.88,6.18,1
10.42,1.77,8.3,1
6.07,2.66,6.18,0
6.42,4.8,6.26,1
4.36,4.79,5.96,1
8.71,4.0,4.99,1
3.02,3.95,7.31,0
6.61,5.37,8.53,1
9.97,2.37,8.86,1
3.89,1.72,7.26,0
5.34,2.74,8.38,0
4.05,2.56,5.51,0
11.8,5.46,4.71,1
7.57,1.75,5.03,1
8.0,1.01,7.72,1
4.27,4.19,8.14,1
7.96,2.45,5.44,0
7.56,5.33,6.38,1
8.14,4.56,5.98,1
3.56,3.47,8.18,0
7.71,1.59,7.09,1
7.39,4.92,6.59,1
11.43,5.34,4.69,1
3.99,5.5,5.74,1
4.53,2.57,5.79,0
11.79,0.93,7.26,1
3.69,1.73,4.92,0
9.34,5.17,6.65,1
8.15,2.81,7.53,1
6.56,3.39,7.6,0
11.12,4.59,7.51,1
11.24,2.22,8.94,1
3.98,3.73,8.2,0
3.42,1.4,8.02,0
3.21,4.87,6.42,1
11.66,5.11,6.16,1
11.87,3.39,7.1,1
7.28,5.13,7.55,1
11.92,0.56,6.45,1
5.73,1.24,5.02,0
8.25,3.0,5.82,1
10.25,4.16,7.98,1
5.82,2.25,4.85,0
7.41,3.12,6.8,0
10.66,4.68,7.1,1
6.36,0.82,7.74,0
6.62,0.7,5.15,0
4.22,1.32,7.29,0
4.29,3.31,7.68,0
3.72,2.67,7.77,0
4.91,1.36,8.11,0
3.77,3.42,8.41,0
3.87,2.71,7.02,0
7.6,0.99,6.08,0
6.33,2.32,7.19,1
8.72,4.4,4.51,1
7.17,0.76,4.89,0
5.02,1.39,6.1,0
9.32,2.34,6.64,1
5.26,3.71,8.79,0
9.51,4.35,6.21,1
6.18,0.67,4.77,1
6.26,4.13,5.41,1
5.14,1.33,4.54,0
5.37,3.4,5.91,0
9.38,4.09,5.27,1
9.39,2.57,4.74,1
5.76,4.58,8.54,1
10.12,4.52,6.92,1
8.54,0.62,8.94,1
5.48,0.83,7.55,0
11.26,3.13,6.2,1
11.51,2.83,7.84,1
10.16,1.21,5.6,1
9.77,3.91,4.79,1
3.08,4.79,8.78,1
5.38,0.94,7.91,0
4.26,1.12,6.65,0
11.88,5.59,4.67,1
4.25,3.7,8.35,0
10.07,2.13,4.6,1
6.26,1.7,7.37,0
9.11,4.57,7.74,1
9.58,3.91,6.75,1
9.78,3.54,8.15,1
6.21,2.24,4.74,0
10.19,5.29,7.64,1
5.46,0.99,7.64,0
4.12,4.01,6.1,1
8.19,2.39,7.8,1
3.98,3.98,5.99,0
6.22,2.79,6.72,1
4.2,0.76,6.23,0
6.9,1.17,8.17,1
8.61,2.13,7.18,1
10.28,1.62,8.19,1
10.95,4.58,7.23,1
3.7,5.27,5.14,1
11.77,3.55,6.5,1
11.55,5.34,5.31,1
9.48,0.53,6.57,1
4.12,5.5,6.7,1
7.32,4.59,6.13,1
9.82,3.9,7.29,1
6.8,2.82,7.04,1
8.01,1.9,6.91,1
3.3,5.58,5.61,1
8.73,2.04,7.91,1
8.48,2.13,5.04,1
3.96,5.84,8.68,1
6.47,5.03,5.66,1
10.55,4.63,8.0,1
10.29,2.08,5.28,1
9.43,2.76,7.92,1
10.46,0.93,7.44,1
6.31,2.02,8.02,1
6.83,3.62,5.78,0
3.98,3.78,8.22,0
6.24,1.16,6.79,0
3.5,2.58,4.68,0
8.05,3.56,7.2,1
3.43,1.93,8.76,0
11.16,4.19,8.2,1
7.41,3.76,5.89,0
4.52,1.69,7.17,0
11.69,1.86,8.43,1
8.02,1.32,5.44,1
8.4,2.14,5.4,1
3.77,5.79,6.27,1
6.62,2.17,6.62,1
5.98,4.86,6.78,1
3.53,5.39,6.94,1
4.06,5.23,7.14,1
6.87,2.75,6.28,0
5.13,5.9,7.9,1
3.2,3.05,8.82,0
9.05,4.85,8.87,1
10.54,4.56,5.47,1
8.09,0.84,6.13,1
10.86,2.07,8.31,1
7.19,2.62,7.25,1
11.24,4.12,4.52,1
5.81,2.37,7.36,0
9.62,4.78,7.9,1
11.86,0.83,6.22,1
3.93,0.87,8.16,0
11.76,1.02,5.32,1
8.81,2.26,5.44,1
11.21,2.02,5.33,1
10.55,3.71,5.71,1
4.45,5.63,5.6,1
5.6,1.67,7.17,0
7.0,2.52,7.0,0
3.05,1.54,8.99,0
9.88,2.63,6.48,1
9.43,2.24,4.63,1
10.52,4.31,4.97,1
10.26,3.88,6.1,1
3.39,3.47,6.94,0
9.4,5.27,5.86,1
8.33,4.94,6.71,1
8.47,3.9,7.11,1
8.12,0.95,6.59,1
9.81,2.35,8.74,1
5.74,2.63,6.05,0
8.76,4.66,4.54,1
11.31,4.41,8.02,1
3.06,4.32,5.37,1
4.86,3.97,4.71,0
10.14,1.02,8.42,1
11.56,3.74,7.4,1
7.11,5.46,5.72,1
7.09,2.11,5.31,0
11.98,0.79,6.49,1
11.38,4.6,7.88,1
10.04,5.06,6.79,1
10.37,2.19,7.64,1
7.85,3.31,7.07,0
5.6,1.18,6.46,0
10.12,2.41,5.68,1
8.35,3.77,6.94,1
8.98,4.47,5.68,1
8.44,3.21,6.81,1
3.91,5.37,7.8,1
8.89,4.79,8.67,1
7.86,2.47,6.43,0
10.56,3.39,5.94,1
7.99,3.83,5.69,0
10.39,4.71,6.78,1
11.36,4.5,6.39,1
3.0,0.68,4.54,0
4.67,5.75,8.06,1
5.21,5.73,5.51,1
8.33,2.11,7.19,1
10.39,5.46,6.05,1
10.06,3.0,4.88,1
10.38,3.94,4.86,1
6.38,5.93,6.91,1
11.26,3.99,4.55,1
8.27,1.0,6.39,1
3.32,2.81,7.24,0
5.92,1.25,7.26,0
11.64,0.52,7.12,1
10.17,5.22,7.6,1
8.91,2.36,5.53,1
10.21,1.74,7.16,1
10.77,2.1,5.27,1
11.81,3.61,8.36,1
8.04,2.92,6.54,1
9.24,1.1,7.12,1
7.54,1.43,6.19,0
10.59,3.18,8.53,1
5.71,1.03,8.17,0
11.1,1.85,6.64,1
8.62,4.89,7.64,1
5.73,4.04,6.95,1
10.56,3.08,5.44,1
9.17,1.85,6.4,1
8.49,0.98,5.08,1
5.56,2.35,7.07,0
10.83,0.79,5.79,1
6.13,1.58,6.18,0
6.83,3.09,4.89,0
3.61,1.7,7.21,0
5.95,5.61,6.39,1
11.36,2.72,7.93,1
9.48,5.5,7.13,1
4.15,5.98,6.2,1
5.75,4.44,5.91,1
4.27,2.25,7.84,0
10.75,5.43,8.81,1
11.85,4.68,7.68,1
8.35,4.3,7.51,1
8.45,2.67,8.47,1
5.19,5.96,8.24,1
5.39,2.7,7.0,0
11.04,2.72,8.16,1
9.94,1.21,4.56,1
11.77,4.88,6.79,1
10.93,1.88,6.33,1
3.25,2.15,6.49,0
11.36,5.33,8.45,1
11.91,1.74,7.28,1
6.44,2.09,6.25,1
8.51,3.1,4.64,1
11.82,2.86,8.75,1
7.98,1.19,5.26,1
6.58,4.58,5.13,1
5.75,3.15,5.94,0
11.2,1.53,5.7,1
5.55,1.92,5.3,0
5.38,5.45,6.12,1
9.32,0.63,7.14,1
8.28,0.82,4.56,1
8.04,5.69,4.64,1
10.61,3.22,6.3,1
7.07,1.78,5.58,0
4.05,5.21,7.75,1
8.28,2.93,5.43,1
5.89,3.77,6.68,0
9.63,5.53,4.94,1
5.16,4.0,6.9,0
7.22,2.09,4.79,1
6.66,0.85,7.01,0
9.74,3.83,7.06,1
11.1,2.81,5.12,1
8.18,3.68,4.8,1
7.37,4.64,5.29,1
8.34,1.95,5.76,1
7.21,0.67,8.12,0
9.67,1.27,4.72,1
7.17,2.06,6.77,1
11.97,1.81,7.96,1
3.63,2.67,4.97,0
4.88,4.26,6.47,1
3.17,2.61,8.98,0
3.3,0.7,7.62,0
8.29,5.8,7.36,1
3.62,1.85,5.03,0
8.52,5.13,8.72,1
5.4,0.98,6.22,0
10.9,5.58,7.35,1
10.3,3.56,7.93,1
5.83,5.57,6.81,1
11.36,3.57,5.25,1
4.57,0.9,4.61,0
11.34,5.62,5.38,1
9.26,1.4,6.25,1
6.61,4.9,7.82,1
10.78,1.46,7.12,1
9.96,4.71,5.1,1
4.92,3.39,5.92,0
9.78,0.7,6.05,1
4.06,5.93,6.89,1
5.14,4.19,5.48,1
4.64,0.68,6.98,0
6.0,4.75,5.76,1
8.5,0.57,5.01,1
5.61,0.73,8.18,0
3.92,3.13,5.91,0
11.85,0.82,7.14,1
10.37,5.37,4.52,1
11.02,1.08,6.41,1
11.3,5.43,6.67,1
11.28,4.59,5.4,1
5.29,3.86,5.18,0
7.6,1.35,4.6,0
8.43,4.5,4.7,1
7.53,4.97,5.42,1
9.75,5.66,6.94,1
8.1,5.33,7.11,1
7.97,3.16,4.95,1
10.7,1.28,5.03,1
4.37,2.48,7.81,0
3.78,1.5,8.38,0
5.67,3.1,8.86,0
7.48,2.1,7.28,0
7.61,2.19,6.1,0
8.44,2.34,5.38,1
11.79,0.92,8.76,1
9.97,5.4,5.31,1
8.13,5.58,6.3,1
9.0,5.49,6.96,1
5.94,1.01,6.92,0
3.84,5.87,8.9,1
8.75,5.5,4.7,1
8.0,4.62,7.93,1
6.55,3.99,8.96,1
9.23,4.16,8.12,1
9.87,2.6,8.28,1
4.82,0.52,6.91,0
8.33,1.59,6.94,1
7.35,0.78,5.0,0
3.06,4.46,5.22,1
7.56,4.76,5.14,1
9.07,5.42,4.53,1
7.06,1.4,8.53,0
11.1,4.44,6.38,1
10.74,2.68,4.62,1
6.74,5.35,5.55,1
9.25,3.11,7.77,1
8.12,1.11,7.79,1
11.67,2.67,5.11,1
4.28,2.68,6.13,0
10.71,2.2,8.62,1
9.97,4.05,6.61,1
10.93,3.61,4.73,1
4.56,0.62,6.02,0
4.97,4.15,8.7,1
7.46,4.44,5.04,1
10.04,3.56,6.27,1
7.33,1.36,7.18,1
5.36,4.88,8.5,1
7.32,0.51,5.79,1
10.02,0.54,5.45,1
10.8,4.3,6.19,1
7.51,0.5,7.95,0
8.52,4.3,6.27,1
9.97,0.6,8.69,1
11.4,5.9,4.76,1
7.15,0.89,5.62,1
6.5,3.74,8.78,0
7.72,1.74,5.08,0
5.97,0.65,7.74,0
8.03,3.76,7.31,1
10.45,2.88,7.01,1
9.04,3.47,5.08,1
9.84,2.74,4.63,1
3.8,2.02,4.84,0
9.11,3.77,7.07,1
8.56,3.37,5.32,1
7.56,2.78,4.64,0
8.31,5.74,5.72,1
10.99,4.5,7.2,1
11.43,3.21,8.34,1
11.4,1.18,4.63,1
5.33,0.81,5.25,0
9.74,3.96,4.66,1
7.75,4.4,8.09,1
4.36,5.68,7.01,1
7.55,1.04,5.45,1
4.87,2.45,6.33,0
9.11,4.47,5.69,1
3.81,2.9,7.99,0
4.0,5.8,7.55,1
4.77,2.37,4.75,0
10.88,4.52,6.39,1
6.8,2.73,7.3,1
9.79,2.71,6.28,1
7.05,3.96,8.61,0
6.54,0.69,5.97,0
7.65,5.05,8.0,1
9.41,3.93,7.1,1
3.2,3.49,6.75,0
8.82,4.88,6.45,1
9.3,5.82,6.11,1
10.72,3.3,5.26,1
10.04,6.0,5.9,1
11.51,5.67,6.91,1
5.75,1.82,5.27,0
5.09,3.95,7.39,0
10.24,2.85,8.38,1
10.08,3.2,8.15,1
3.14,1.21,4.97,0
4.63,5.04,7.88,1
10.19,2.39,6.32,1
9.33,2.07,4.56,1
7.09,2.23,5.26,0
6.29,2.43,4.81,1
4.55,5.63,6.29,1
10.15,4.44,6.44,1
9.16,0.67,5.21,1
4.23,3.32,6.39,0
10.44,4.45,8.02,1
5.22,3.46,6.34,0
11.12,5.98,8.53,1
8.14,1.97,7.66,1
8.84,4.44,7.27,1
9.97,4.85,7.35,1
5.35,4.67,6.89,1
9.55,4.56,7.07,1
3.56,5.72,5.59,1
8.93,3.61,4.96,1
11.68,3.16,6.77,1
11.39,5.34,6.11,1
7.13,3.86,5.95,0
10.74,0.65,4.94,1
6.73,0.66,6.2,0
7.23,1.83,7.44,1
7.52,2.1,6.98,1
6.74,2.58,7.47,0
8.37,1.02,4.59,1
8.96,3.72,6.51,1
4.57,4.93,4.55,1
5.61,3.61,5.45,0
6.21,4.64,6.92,1
6.39,4.26,5.54,1
8.13,4.01,5.61,1
8.64,3.54,6.25,1
5.9,5.67,7.53,1
4.32,1.65,8.19,0
9.17,5.1,4.61,1
6.91,5.61,4.82,1
8.61,3.25,7.81,1
4.05,2.85,8.92,0
11.39,1.44,5.39,1
4.35,0.68,5.14,0
10.22,3.26,7.1,1
10.2,3.77,4.53,1
9.33,4.55,6.42,1
4.33,0.55,6.27,0
8.34,5.02,8.15,1
10.36,1.94,8.11,1
5.93,4.92,4.7,1
3.8,4.75,5.83,1
11.58,2.4,6.78,1
5.71,5.03,8.81,1
10.31,1.79,8.84,1
9.36,0.53,8.64,1
3.31,4.97,8.01,1
9.4,3.53,4.91,1
4.24,2.28,7.84,0
3.44,3.52,7.09,0
11.15,2.77,5.29,1
3.84,1.58,5.69,0
9.41,1.36,8.17,1
9.91,4.89,8.77,1
10.76,3.48,8.62,1
8.93,2.34,5.93,1
3.66,3.0,7.47,0
5.62,0.65,7.91,0
5.98,4.46,7.48,1
9.93,4.01,8.19,1
8.11,5.52,5.87,1
11.36,0.54,5.06,1
6.2,2.15,5.33,0
7.36,2.02,6.52,1
11.95,5.5,5.18,1
6.14,2.63,6.45,0
3.03,4.9,4.92,1
9.88,3.28,8.34,1
9.04,5.81,5.33,1
9.57,3.7,6.57,1
3.67,3.56,5.94,0
10.9,2.43,6.81,1
9.58,2.31,7.48,1
6.16,5.06,5.9,1
7.99,5.68,7.52,1
9.56,1.29,8.08,1
7.12,1.44,6.02,0
4.26,3.81,8.7,0
5.6,5.08,6.72,1
5.75,3.95,8.76,0
8.36,5.45,7.81,1
5.52,5.94,8.64,1
6.29,5.44,6.95,1
9.76,2.02,7.73,1
9.42,4.3,5.89,1
5.05,4.49,8.96,1
4.16,3.3,5.01,0
5.63,4.1,5.91,1
7.52,2.35,6.82,0
8.08,4.72,8.68,1
3.45,4.18,6.07,1
9.94,4.52,7.27,1
8.59,2.63,7.35,1
6.5,2.66,6.44,1
9.28,1.32,6.78,1
10.05,2.13,5.28,1
10.89,1.48,6.6,1
11.34,2.33,8.75,1
3.26,4.61,5.67,1
6.41,3.07,8.52,1
4.87,4.27,5.52,1
5.9,1.36,6.71,0
11.76,5.8,5.61,1
4.49,0.95,7.32,0
3.18,3.03,5.09,0
9.19,5.25,5.16,1
7.62,5.67,5.28,1
4.71,5.91,7.16,1
9.61,3.02,6.04,1
5.0,5.46,7.64,1
11.71,2.04,8.11,1
10.7,1.92,4.87,1
11.44,3.96,7.5,1
3.08,5.22,8.7,1
5.87,3.9,5.45,0
6.03,2.42,8.06,0
9.27,3.49,6.68,1
8.21,3.57,6.83,1
4.16,0.67,4.63,0
7.05,4.85,7.22,1
3.43,1.69,7.12,0
3.02,3.22,7.22,0
10.84,5.72,5.89,1
5.68,5.47,8.54,1
3.51,2.22,7.92,0
6.35,1.96,5.31,1
10.71,2.69,6.32,1
11.44,1.83,5.04,1
11.22,5.18,8.3,1
11.05,1.11,8.9,1
7.03,0.7,7.46,1
9.04,1.2,5.76,1
5.39,0.71,5.07,0
6.7,4.47,5.41,1
11.05,4.5,6.16,1
6.64,4.2,5.49,1
5.27,2.98,4.75,0
7.25,1.96,5.74,0
9.82,1.56,6.69,1
3.93,5.24,5.31,1
5.86,1.55,5.82,0
9.64,0.63,5.99,1
4.08,1.94,5.54,0
5.24,2.29,5.31,0
4.97,2.3,8.94,0
7.92,3.91,5.67,0
6.29,2.92,6.7,1
5.25,5.61,6.44,1
5.55,4.36,8.36,1
10.92,2.09,6.27,1
11.33,5.3,4.77,1
7.37,1.58,4.52,0
9.65,5.38,5.93,1
10.64,1.96,5.91,1
3.02,5.92,5.94,1
10.18,3.72,8.17,1
10.34,2.41,5.62,1
5.74,1.05,7.22,0
4.96,5.64,7.44,1
10.07,4.04,7.03,1
4.01,0.56,6.9,0
7.05,1.6,6.19,0
4.8,3.1,6.73,0
3.41,2.43,6.72,0
6.74,0.66,7.13,0
6.47,2.81,8.71,1
6.98,4.69,5.9,1
8.81,4.16,4.58,1
9.68,2.47,7.96,1
10.33,3.19,6.05,1
4.73,2.14,7.11,0
8.16,2.68,4.66,1
8.43,4.14,7.55,1
6.83,1.68,6.92,0
8.13,2.13,6.35,1
3.88,5.74,7.88,1
5.01,4.6,7.44,1
10.56,3.6,7.7,1
11.68,1.16,4.82,1
8.4,3.84,6.85,1
6.71,0.66,6.27,0
6.82,5.73,9.0,1
7.59,4.9,5.81,1
7.99,4.31,5.91,1
5.33,4.39,6.92,1
5.97,5.81,7.4,1
10.68,5.8,8.48,1
10.27,2.5,6.02,1
11.69,5.07,7.47,1
7.43,0.62,5.25,0
11.37,1.58,8.44,1
6.95,3.8,5.88,0
3.11,3.14,7.1,0
7.27,4.46,6.6,1
9.41,5.68,5.34,1
6.17,5.53,8.24,1
8.98,4.86,8.49,1
11.8,2.48,5.07,1
9.75,2.93,6.65,1
11.06,1.01,5.8,1
4.54,2.65,6.56,0
6.34,4.22,7.72,1
4.39,1.06,6.47,0
11.55,2.52,8.33,1
5.64,5.28,4.76,1
11.23,4.62,5.16,1
8.54,2.77,7.9,1
10.27,1.93,6.28,1
8.24,1.45,8.5,1
9.92,4.45,8.94,1
4.23,1.63,8.43,0
10.87,5.5,4.92,1
7.34,2.14,4.72,0
11.91,5.88,8.39,1
7.03,3.96,7.57,0
7.18,5.86,6.85,1
5.15,2.67,5.01,0
4.39,2.52,5.92,0
7.66,3.69,8.57,1
3.93,4.98,6.86,1
7.5,0.75,4.89,0
11.22,5.67,7.97,1
10.0,5.35,6.57,1
9.85,3.81,6.1,1
7.72,1.49,6.0,1
7.36,4.46,7.85,1
9.48,2.42,7.14,1
9.27,5.22,8.25,1
8.23,3.38,6.07,1
8.97,1.3,4.65,1
5.8,4.7,7.04,1
6.89,4.69,7.82,1
5.21,1.39,4.93,0
4.95,3.33,7.42,0
10.25,4.84,7.75,1
4.11,5.42,6.2,1
9.09,1.17,8.28,1
3.65,3.13,5.01,0
3.59,1.94,7.65,0
7.98,5.9,8.41,1
5.84,2.88,8.38,0
5.95,3.08,5.16,0
4.47,3.16,8.6,0
4.19,1.28,8.12,0
3.28,4.79,4.52,1
5.5,5.5,6.52,1
10.17,3.41,5.31,1
3.47,3.64,8.08,0
9.98,1.69,6.77,1
6.16,2.63,6.85,1
5.76,1.5,8.5,0
10.96,1.75,8.79,1
9.43,2.36,6.37,1
8.2,3.95,6.47,1
10.92,1.04,8.4,1
3.94,1.1,5.91,0
4.43,1.04,6.94,0
10.6,4.15,5.72,1
3.67,5.29,5.59,1
4.92,2.62,5.18,0
8.89,4.84,4.55,1
4.98,3.01,8.0,0
6.65,3.1,6.32,0
5.66,2.21,7.64,0
11.82,3.67,4.86,1
10.75,1.81,6.75,1
5.53,3.32,8.81,0
11.08,1.74,5.31,1
4.79,1.43,8.07,0
3.42,1.61,4.83,0
5.35,0.72,5.97,0
10.45,1.26,5.35,1
8.16,2.34,7.86,1
9.32,2.12,8.45,1
10.66,2.04,6.65,1
4.39,1.62,7.19,0
4.06,1.0,7.74,0
4.8,4.75,4.98,1
8.47,1.05,7.46,1
5.84,0.9,6.71,0
7.92,3.58,8.45,1
6.45,4.15,4.69,1
10.07,0.83,7.29,1
10.21,3.58,8.73,1
10.69,5.24,6.04,1
3.14,5.48,8.55,1
7.56,2.27,7.8,1
8.21,4.31,8.59,1
4.09,2.51,7.65,0
6.03,5.94,7.99,1
3.48,5.55,8.1,1
4.5,4.3,7.22,1
10.41,2.88,8.74,1
7.13,2.16,6.08,1
3.56,1.28,6.29,0
11.36,2.38,6.26,1
11.68,5.03,4.52,1
11.92,3.36,5.08,1
9.79,4.13,5.97,1
7.63,2.37,8.53,0
4.25,3.06,6.35,0
8.04,3.54,8.02,1
6.09,5.64,6.59,1
8.31,4.97,5.35,1
5.21,2.79,4.59,0
5.06,5.96,5.3,1
9.81,4.22,7.59,1
4.5,0.69,7.53,0
7.25,2.34,4.8,1
7.06,0.71,8.06,0
3.73,2.2,5.92,0
11.5,0.57,8.42,1
11.07,2.07,6.78,1
7.33,4.0,6.36,1
3.76,5.74,4.64,1
8.38,3.07,7.25,1
10.46,1.53,6.17,1
3.09,4.6,8.14,1
3.6,1.39,7.1,0
6.96,3.47,7.16,0
10.72,0.61,6.13,1
8.55,1.66,5.86,1
10.6,5.73,5.2,1
4.63,0.53,4.7,0
9.92,3.52,8.05,1
10.15,5.99,6.66,1
7.93,4.23,4.88,1
10.75,3.58,5.37,1
11.7,5.14,6.78,1
7.34,2.94,5.32,1
6.03,4.14,6.8,1
8.34,3.77,6.82,1
4.24,3.22,7.96,0
3.71,4.21,7.05,1
10.75,1.59,5.85,1
9.68,2.07,8.99,1
4.52,4.74,6.56,1
6.38,2.06,6.43,0
6.06,3.75,7.66,0
4.5,0.78,8.33,0
6.3,0.8,4.63,0
9.31,5.31,6.41,1
6.66,5.97,5.32,1
6.5,5.8,4.72,1
10.78,3.56,6.38,1
5.55,5.4,5.11,1
11.74,4.06,8.05,1
7.98,5.69,7.48,1
9.24,3.55,5.07,1
4.96,5.84,8.96,1
4.62,3.76,8.91,0
11.69,4.88,5.0,1
6.65,4.87,5.84,1
6.19,2.93,7.04,0
10.34,3.69,4.54,1
11.69,4.92,8.66,1
4.69,4.86,4.75,1
11.15,1.55,7.32,1
10.37,3.83,6.19,1
8.84,0.65,6.59,1
3.44,2.71,5.69,0
10.67,5.0,8.27,1
7.23,3.24,6.77,1
5.8,2.52,8.6,0
7.78,3.18,5.72,0
11.35,2.43,5.2,1
9.43,4.07,7.04,1
8.66,4.4,7.34,1
11.3,3.02,8.31,1
5.15,1.26,4.82,0
5.22,5.74,4.88,1
8.62,5.31,5.66,1
4.93,3.58,6.2,0
9.42,5.86,6.28,1
4.15,1.58,8.25,0
11.09,3.67,4.61,1
3.84,0.91,4.96,0
10.77,5.14,5.04,1
7.01,4.2,7.81,1
3.2,2.89,6.03,0
11.78,5.23,7.06,1
7.81,1.92,7.58,1
7.81,5.8,5.23,1
10.82,1.73,6.61,1
5.51,1.55,8.72,0
6.06,4.24,6.83,1
10.06,5.17,6.8,1
10.6,3.96,6.28,1
8.51,3.42,6.73,1
6.91,3.07,7.77,0
9.13,5.57,6.04,1
7.48,3.67,5.45,1
8.96,2.11,8.03,1
6.27,1.17,8.6,0
11.08,1.22,8.66,1
3.73,3.74,7.41,0
8.89,2.17,6.46,1
10.36,2.86,5.42,1
4.72,4.45,5.68,1
5.33,5.06,4.92,1
9.55,2.88,5.07,1
11.01,5.18,5.13,1
8.92,0.83,5.63,1
5.05,1.09,6.01,0
6.74,2.37,7.66,0
10.48,1.67,8.88,1
4.09,3.81,4.52,0
9.55,4.59,6.38,1
3.12,5.85,7.8,1
6.23,4.6,8.02,1
7.78,3.48,8.02,1
9.56,1.38,7.1,1
11.4,1.61,8.4,1
9.66,2.24,4.96,1
11.41,1.04,4.65,1
8.76,3.07,5.7,1
10.29,1.26,8.57,1
9.99,5.16,7.14,1
11.37,1.08,8.06,1
3.43,1.4,7.75,0
10.57,0.59,7.71,1
8.9,1.44,7.33,1
6.79,1.76,4.84,1
11.07,2.6,7.71,1
4.37,3.2,6.58,0
11.75,5.64,5.19,1
7.07,1.79,6.84,1
5.44,1.19,7.16,0
7.32,3.23,7.88,1
7.26,4.47,6.64,1
8.89,2.58,7.43,1
4.89,2.66,6.99,0
11.44,2.0,7.5,1
3.22,2.37,6.98,0
4.05,2.04,8.62,0
8.58,0.72,7.37,1
5.45,3.04,6.11,0
10.23,4.57,7.92,1
3.94,3.59,5.64,0
9.0,4.87,7.26,1
9.12,4.44,7.77,1
4.46,3.23,6.18,0
9.97,3.96,8.53,1
9.84,4.08,5.81,1
6.14,2.34,5.29,0
5.32,4.44,4.84,1
10.57,5.75,6.03,1
4.28,2.2,4.95,0
3.6,1.27,5.77,0
7.25,1.87,6.78,1
6.89,5.02,6.67,1
8.76,2.23,8.59,1
10.9,4.73,7.35,1
7.89,1.22,5.94,0
6.23,5.78,8.59,1
7.61,5.3,7.25,1
9.68,5.89,6.98,1
8.55,3.81,7.08,1
6.22,4.04,5.47,1
3.6,3.06,4.64,0
4.2,4.28,5.87,1
10.44,4.4,6.72,1
6.07,2.68,5.88,1
8.25,3.93,7.98,1
8.11,1.35,5.85,1
9.67,1.25,6.86,1
11.37,1.65,7.55,1
5.99,2.4,7.11,0
10.35,5.37,5.04,1
7.44,3.58,5.15,0
4.57,0.59,4.7,0
6.76,5.46,7.34,1
7.66,3.73,5.18,0
5.24,2.41,8.3,0
8.77,5.55,4.83,1
3.46,4.27,6.27,1
8.88,4.9,5.67,1
3.13,2.72,7.7,0
10.76,4.41,6.09,1
4.18,3.97,8.44,0
6.25,3.28,8.04,0
9.07,5.76,6.63,1
6.93,3.29,6.29,0
11.37,2.84,5.77,1
8.65,1.16,5.25,1
7.15,1.67,7.81,1
9.95,1.57,7.97,1
10.88,1.11,6.73,1
3.38,1.28,5.13,0
6.18,5.01,6.14,1
4.86,3.97,5.35,0
3.72,0.66,7.41,0
7.01,3.38,5.96,0
6.84,1.23,7.4,0
4.63,3.25,6.49,0
7.4,3.5,5.64,0
3.89,5.15,8.5,1
6.28,0.77,6.58,1
8.06,5.09,5.31,1
5.05,3.99,6.32,0
4.13,2.76,8.26,0
4.25,2.83,5.74,0
8.2,1.38,6.81,1
8.96,3.36,6.97,1
5.92,1.83,8.45,0
3.26,2.11,5.79,0
11.55,2.25,8.6,1
6.37,3.52,5.4,1
10.8,4.43,5.48,1
9.22,2.09,8.58,1
6.31,0.95,6.68,1
5.76,2.59,8.42,0
9.06,1.12,4.76,1
9.71,5.23,5.38,1
10.58,1.83,8.11,1
9.68,0.59,6.0,1
4.39,5.94,5.71,1
7.62,5.82,4.73,1
10.6,2.07,8.74,1
10.97,2.28,8.27,1
6.91,2.14,5.31,0
5.8,5.53,8.36,1
11.25,1.97,8.37,1
10.92,4.8,5.81,1
8.32,5.87,6.59,1
5.09,2.56,7.52,0
7.93,5.17,5.31,1
8.45,1.0,8.74,1
11.5,3.85,7.2,1
7.5,0.71,4.81,0
6.25,1.29,6.4,1
5.06,3.84,4.91,0
10.09,4.97,6.8,1
7.46,4.13,4.64,1
3.54,2.05,7.45,0
4.62,3.59,5.97,0
7.76,3.79,6.74,1
9.67,0.9,7.66,1
9.73,3.24,5.67,1
7.35,0.94,8.66,0
7.39,4.52,8.59,1
5.61,5.16,8.7,1
6.1,5.02,5.01,1
9.05,3.74,4.91,1
8.56,2.29,5.07,1
6.01,4.76,5.33,1
10.38,2.97,5.41,1
10.63,0.59,8.85,1
3.57,4.37,6.15,1
7.87,5.78,7.16,1
5.17,1.51,4.87,0
9.16,4.95,5.7,1
7.3,3.4,7.45,0
11.24,4.61,6.14,1
5.92,2.56,4.81,0
5.63,5.54,5.3,1
10.67,5.55,6.13,1
3.51,5.69,7.34,1
11.31,5.11,6.32,1
4.86,0.99,7.54,0
6.56,1.5,4.83,0
10.07,1.53,7.35,1
10.5,4.19,6.88,1
8.11,1.85,6.96,1
10.6,3.62,6.71,1
6.68,5.8,6.22,1
7.93,0.82,7.7,0
10.19,5.02,7.67,1
4.2,2.76,5.62,0
9.25,2.16,5.38,1
9.03,5.78,6.57,1
5.4,3.56,4.73,0
3.99,3.34,6.95,0
5.34,5.38,7.82,1
6.53,2.92,8.44,1
9.04,5.35,6.61,1
7.8,3.07,8.13,0
6.63,4.56,5.78,1
6.23,1.54,5.02,0
3.46,5.02,4.73,1
7.67,4.21,7.93,1
9.81,4.82,5.59,1
10.12,0.76,7.39,1
11.09,1.9,6.36,1
3.01,1.19,8.08,0
6.87,4.71,6.71,1
11.59,4.15,6.93,1
7.69,2.91,8.86,1
11.76,1.64,7.85,1
10.71,4.63,5.53,1
7.36,2.53,8.03,0
7.34,4.97,8.29,1
9.88,3.6,6.0,1
7.46,3.56,8.69,1
10.02,2.6,5.95,1
3.57,5.01,4.53,1
10.74,4.12,8.7,1
6.45,3.06,6.41,0
6.31,4.29,6.24,1
7.59,5.74,5.69,1
11.59,3.74,4.76,1
3.5,4.97,7.91,1
11.74,3.01,4.97,1
11.51,3.88,6.76,1
3.37,4.63,6.32,1
10.19,2.25,6.84,1
4.12,1.49,5.05,0
11.99,3.04,7.65,1
9.86,5.9,4.92,1
7.7,3.48,8.48,1
11.66,1.05,8.55,1
3.95,3.41,5.55,0
6.6,3.9,8.38,1
5.09,1.12,5.41,0
5.82,4.32,7.3,1
10.36,4.29,4.97,1
7.57,1.89,5.51,1
5.94,3.6,6.45,0
7.11,3.02,6.68,1
9.39,4.59,8.45,1
4.5,2.14,5.58,0
10.77,4.12,6.92,1
11.63,0.99,8.86,1
5.63,5.6,6.87,1
3.34,0.99,5.65,0
7.23,5.01,5.71,1
8.96,0.76,5.21,1
5.78,4.42,5.8,1
10.7,3.8,4.77,1
6.16,3.2,7.11,0
5.6,4.52,7.47,1
10.84,3.65,8.91,1
3.99,3.43,6.17,0
11.96,0.92,7.08,1
8.68,1.67,8.74,1
5.98,1.79,8.83,0
4.82,5.63,8.6,1
4.11,1.04,8.13,0
5.8,5.08,8.3,1
10.56,5.94,5.32,1
6.78,0.99,5.48,0
10.32,4.72,6.66,1
9.92,2.63,5.87,1
9.92,0.95,6.52,1
10.48,5.1,8.31,1
8.11,5.14,6.87,1
9.0,0.75,4.77,1
5.77,2.28,7.47,0
6.34,5.46,6.5,1
9.55,5.63,6.2,1
11.61,2.45,8.47,1
3.98,3.83,6.8,0
4.61,3.89,6.1,0
3.92,4.01,5.94,1
9.12,2.69,6.63,1
8.18,5.66,7.99,1
9.84,2.31,8.39,1
8.78,1.48,4.52,1
7.55,3.68,7.9,1
4.2,1.27,5.65,0
6.04,2.22,6.64,1
4.31,3.3,5.66,0
8.52,0.74,7.16,1
6.34,5.49,7.48,1
4.48,3.03,6.42,0
5.75,2.8,6.74,0
5.74,4.05,6.18,1
9.01,1.43,8.68,1
3.97,2.03,6.05,0
10.05,5.35,5.79,1
7.63,4.36,6.37,1
3.88,2.94,8.86,0
5.46,2.6,8.1,0
6.29,3.4,5.04,0
7.9,0.52,7.35,1
7.93,3.53,5.53,0
6.56,0.94,8.59,1
5.48,1.18,8.43,0
11.23,2.06,8.52,1
5.29,0.88,6.56,0
9.79,2.41,7.51,1
10.07,3.76,8.09,1
10.3,5.83,8.33,1
8.13,5.48,5.43,1
6.42,0.79,8.1,1
9.48,1.31,6.48,1
3.35,2.67,7.09,0
3.85,3.49,5.73,0
10.78,4.11,6.34,1
7.98,4.39,5.73,1
6.9,5.94,6.8,1
10.11,4.89,5.83,1
7.01,4.12,6.5,1
9.18,3.99,5.45,1
10.4,3.0,8.44,1
8.79,2.5,8.73,1
7.82,5.24,5.34,1
10.52,0.77,5.69,1
4.96,3.17,7.26,0
11.9,1.34,8.65,1
8.48,5.89,4.76,1
10.84,0.6,7.4,1
8.14,1.46,8.59,1
6.38,1.45,6.52,1
8.3,1.77,6.88,1
9.06,4.58,7.02,1
4.64,0.77,8.23,0
8.11,3.55,7.4,1
4.32,2.16,6.74,0
11.51,4.29,4.54,1
9.77,1.37,7.02,1
10.11,3.45,7.38,1
5.66,2.42,6.0,0
10.66,0.92,5.31,1
11.57,1.08,6.47,1
9.64,1.26,7.77,1
6.0,1.28,7.05,0
7.46,2.52,6.78,1
11.53,2.11,4.97,1
4.81,1.94,6.44,0
10.01,2.18,5.55,1
5.52,1.19,8.96,0
6.03,2.49,7.41,1
9.26,1.39,6.66,1
5.31,5.68,7.59,1
8.32,5.03,7.27,1
8.9,2.65,4.63,1
5.08,4.95,5.69,1
9.73,4.24,8.32,1
7.79,4.0,4.8,0
9.11,4.76,6.81,1
7.62,3.26,7.16,1
7.86,5.14,4.53,1
11.28,2.88,8.29,1
7.66,4.92,4.66,1
3.85,1.84,7.27,0
3.06,5.91,7.8,1
8.99,4.55,8.09,1
5.97,3.1,6.25,0
4.14,3.3,8.06,0
11.75,3.19,6.63,1
8.3,5.81,6.78,1
5.69,3.01,5.33,0
9.22,1.98,7.16,1
8.48,4.85,7.55,1
10.48,5.19,5.29,1
7.82,2.53,5.98,0
9.24,4.11,6.21,1
6.66,5.17,4.78,1
8.59,3.91,8.7,1
7.44,4.31,7.72,1
6.75,3.84,7.64,1
7.76,1.7,8.39,1
3.12,5.46,8.45,1
4.63,0.82,5.46,0
7.15,2.18,6.98,1
4.9,4.82,7.17,1
5.56,1.55,7.82,0
5.69,1.81,7.05,0
4.15,3.44,5.46,0
11.9,4.52,6.36,1
9.07,5.64,7.06,1
3.34,3.45,6.06,0
9.85,3.04,6.31,1
8.59,0.73,5.93,1
11.02,2.18,5.86,1
9.43,3.2,8.78,1
7.35,2.29,8.45,0
10.96,3.72,4.57,1
8.72,3.44,5.17,1
7.66,1.24,6.15,0
10.53,5.82,8.05,1
4.17,1.65,6.04,0
4.41,2.26,5.02,0
5.62,3.89,6.03,0
7.25,2.62,4.88,0
8.72,3.24,5.88,1
4.82,4.5,8.16,1
4.03,5.49,6.65,1
5.71,1.14,5.72,0
7.77,0.8,6.4,1
4.23,4.5,5.32,1
10.01,1.98,6.85,1
3.79,2.67,5.64,0
3.19,5.96,8.69,1
3.66,2.8,5.45,0
10.67,2.95,6.09,1
9.61,5.39,6.52,1
9.71,4.26,6.09,1
4.3,2.92,5.77,0
5.12,5.61,6.9,1
6.34,4.66,7.47,1
4.76,4.73,6.44,1
11.09,4.86,7.57,1
9.69,2.36,7.83,1
4.75,4.3,7.34,1
10.43,4.18,7.9,1
3.92,2.34,6.01,0
8.18,4.26,8.51,1
5.19,3.08,5.25,0
5.07,2.56,5.2,0
11.06,4.16,4.83,1
9.36,1.0,6.96,1
4.3,2.75,8.16,0
5.53,1.94,7.95,0
3.16,5.31,6.06,1
7.48,4.7,4.58,1
7.91,5.97,4.72,1
8.8,5.46,8.45,1
10.55,3.99,8.4,1
6.41,0.83,6.7,1
6.38,4.92,8.43,1
6.48,3.63,5.32,1
7.12,3.73,5.9,1
8.74,2.18,8.9,1
3.47,2.59,5.47,0
7.79,4.36,5.94,1
9.62,2.28,5.13,1
8.37,2.65,5.49,1
5.92,5.23,6.28,1
10.69,4.62,6.2,1
8.41,2.49,6.36,1
7.31,4.82,7.53,1
6.21,1.95,6.66,1
7.28,1.83,8.04,0
7.22,0.88,7.03,1
8.09,3.09,4.7,1
10.05,2.04,8.76,1
6.77,4.02,6.68,1
11.88,1.66,8.72,1
5.31,3.75,7.04,0
6.42,4.86,5.53,1
11.82,4.93,4.75,1
3.4,4.44,7.74,1
7.78,1.15,7.72,1
7.82,2.49,4.77,0
6.88,3.58,6.03,1
5.77,3.32,7.73,0
11.15,1.17,7.14,1
11.98,3.08,7.38,1
11.87,4.53,7.59,1
8.52,3.24,8.32,1
7.91,1.83,6.91,0
5.06,3.33,8.61,0
9.36,4.04,7.05,1
3.42,1.4,7.43,0
9.97,2.06,7.25,1
11.44,5.28,8.96,1
10.21,3.55,5.9,1
11.89,4.58,8.75,1
8.42,5.56,8.3,1
8.94,1.22,4.77,1
11.82,0.64,4.99,1
4.25,0.76,7.68,0
11.55,1.39,7.29,1
7.6,5.27,5.91,1
3.04,1.12,7.28,0
4.29,5.45,5.55,1
4.21,5.88,5.38,1
11.17,4.99,7.17,1
5.42,0.8,5.13,0
4.47,2.69,8.73,0
4.37,3.48,7.24,0
8.85,1.14,8.69,1
11.81,3.95,4.89,1
3.09,2.76,7.58,0
7.71,5.47,7.67,1
5.61,4.15,8.24,1
10.78,0.71,5.63,1
10.67,5.69,7.31,1
4.35,2.42,7.18,0
9.84,0.74,5.65,1
9.47,5.17,8.56,1
11.89,3.18,6.82,1
4.43,3.87,8.44,0
4.7,3.38,4.77,0
7.98,3.84,5.62,1
5.3,4.79,6.72,1
10.88,2.8,6.06,1
9.47,0.56,8.17,1
9.81,5.84,8.64,1
5.55,1.94,5.17,0
7.92,1.03,4.63,0
6.7,2.53,5.05,0
5.65,4.73,8.85,1
5.8,1.6,6.25,0
4.26,3.08,6.58,0
7.33,4.09,6.82,1
7.2,2.87,7.19,1
10.9,5.09,8.61,1
8.03,0.98,7.1,1
7.65,4.18,5.56,1
9.28,4.03,4.98,1
7.1,5.64,7.9,1
11.2,1.45,8.83,1
5.44,2.11,7.91,0
11.03,2.69,7.08,1
5.16,0.89,8.76,0
8.41,3.16,6.24,1
5.8,4.97,8.11,1
6.72,5.29,6.42,1
4.02,4.84,8.16,1
3.71,0.67,7.87,0
4.58,2.03,6.15,0
6.79,5.94,6.93,1
8.39,4.52,6.96,1
3.12,2.03,5.06,0
11.7,4.48,6.25,1
8.54,1.03,6.0,1
5.36,1.97,7.38,0
5.01,5.35,4.83,1
4.83,3.82,8.23,0
6.06,3.25,7.43,1
4.8,1.48,7.4,0
7.27,5.96,8.91,1
7.69,2.2,5.09,0
7.35,2.34,5.08,1
9.34,4.9,5.1,1
3.68,1.04,8.28,0
7.86,3.09,6.5,1
10.11,4.96,8.1,1
6.35,1.77,5.99,0
5.95,4.71,8.13,1
8.95,1.31,7.56,1
7.41,1.55,7.81,0
9.92,1.35,8.19,1
10.44,1.13,5.39,1
7.14,5.95,8.14,1
5.86,5.0,7.07,1
7.69,3.01,8.46,1
5.83,2.47,7.51,0
7.64,3.35,4.9,1
8.39,0.57,7.31,1
8.21,5.81,5.41,1
6.11,4.28,6.18,1
6.14,4.17,5.48,1
11.25,1.61,8.45,1
11.0,4.39,8.59,1
11.95,3.08,7.33,1
7.71,1.63,7.86,1
7.61,2.41,4.63,0
11.93,4.36,7.58,1
4.94,3.09,8.99,0
9.43,4.71,6.48,1
10.61,2.82,6.1,1
4.82,0.57,7.68,0
9.53,2.51,4.51,1
5.46,3.86,8.33,0
4.0,1.49,5.74,0
8.65,2.69,7.56,1
5.82,1.32,7.39,0
11.12,1.91,8.56,1
8.85,4.36,8.13,1
3.41,5.79,5.19,1
8.51,4.31,8.24,1
11.23,5.19,6.81,1
4.53,5.15,7.15,1
6.75,1.66,5.45,1
3.64,3.43,8.44,0
5.27,4.52,7.96,1
11.1,5.78,7.33,1
5.85,2.7,5.24,0
8.9,1.34,6.92,1
7.73,0.78,5.55,0
11.22,0.55,6.25,1
9.71,4.26,5.69,1
10.28,3.78,7.29,1
4.72,3.99,6.05,0
9.07,1.35,4.77,1
5.74,5.06,5.11,1
9.6,1.3,4.89,1
7.08,4.43,4.82,1
4.85,3.67,6.35,0
7.72,4.2,7.26,1
8.83,5.89,5.0,1
6.71,3.82,6.01,1
4.06,2.2,7.41,0
4.1,2.69,7.19,0
8.23,5.61,8.57,1
7.48,4.52,8.1,1
9.29,2.17,5.02,1
3.45,4.0,5.25,0
7.16,2.82,8.4,1
8.65,5.73,7.3,1
5.78,1.8,4.64,0
8.55,5.29,8.32,1
5.16,3.97,5.73,0
10.94,2.24,8.06,1
5.7,0.88,8.73,0
4.98,2.36,5.79,0
6.45,5.09,7.64,1
10.14,5.85,8.86,1
7.19,0.73,8.36,1
11.43,3.33,6.02,1
8.95,1.85,5.75,1
8.11,4.17,4.5,1
6.08,0.76,4.73,0
4.72,1.75,5.77,0
5.04,2.54,7.26,0
10.48,1.39,5.71,1
5.52,2.31,6.16,0
11.92,3.89,8.45,1
11.75,4.49,7.85,1
5.81,2.86,6.92,0
7.58,2.86,5.18,1
5.93,2.68,7.83,0
5.21,5.32,5.25,1
8.51,3.93,7.82,1
10.1,3.98,5.83,1
3.61,5.0,8.24,1
6.91,1.82,6.43,0
3.24,5.81,4.54,1
5.57,0.59,5.93,0
5.43,2.85,8.49,0
4.78,0.52,8.21,0
11.57,5.54,6.98,1
7.99,4.45,7.0,1
8.42,5.31,6.9,1
9.99,2.6,4.96,1
8.53,2.6,8.48,1
3.23,4.78,5.49,1
5.35,1.17,7.98,0
8.37,4.8,4.76,1
5.44,3.66,4.98,0
5.21,0.78,4.78,0
5.75,5.62,4.89,1
3.85,2.92,6.08,0
7.69,2.49,8.39,0
8.86,5.19,6.96,1
9.11,4.99,7.17,1
7.72,2.1,5.44,0
6.94,3.78,6.63,0
5.32,2.02,6.77,0
7.64,3.07,8.05,0
4.12,3.34,5.83,0
6.36,2.25,6.0,0
10.47,1.2,8.72,1
10.55,4.59,5.81,1
3.37,3.27,8.23,0
8.67,1.29,4.87,1
8.09,2.77,5.76,1
8.18,2.27,8.3,1
8.9,1.7,8.02,1
8.52,3.7,5.07,1
10.6,3.12,8.51,1
10.29,2.42,8.64,1
4.65,4.5,6.91,1
10.56,2.58,8.91,1
6.97,3.77,5.79,1
8.03,2.56,7.63,1
4.32,5.05,8.35,1
6.28,2.67,5.1,1
7.63,4.48,5.26,1
5.32,1.54,5.77,0
8.44,5.02,7.91,1
8.56,2.31,5.15,1
6.86,4.29,7.42,1
7.65,2.61,6.88,0
5.11,1.62,6.65,0
11.38,3.99,8.96,1
5.51,3.07,4.66,0
9.23,1.34,8.39,1
9.4,3.6,5.88,1
11.46,5.68,8.82,1
9.56,5.34,5.03,1
5.0,1.68,6.67,0
8.13,1.83,6.29,1
10.28,1.97,5.14,1
8.26,1.53,7.8,1
6.22,5.39,8.68,1
6.79,2.46,6.89,1
3.62,4.71,5.32,1
3.45,3.95,7.51,0
5.31,3.71,5.4,0
6.05,5.28,7.74,1
3.11,2.44,8.93,0
7.27,5.91,7.15,1
10.21,5.71,6.45,1
10.87,1.17,6.68,1
5.14,4.11,5.54,1
8.93,1.02,6.62,1
10.09,4.47,8.86,1
6.02,0.92,7.81,0
5.32,1.9,4.55,0
3.25,2.39,6.01,0
3.7,5.19,8.65,1
10.68,1.75,4.99,1
4.57,5.03,8.9,1
7.65,3.08,8.5,1
7.02,0.82,6.15,0
11.29,3.99,5.09,1
3.97,5.78,8.35,1
6.2,2.68,4.62,1
9.03,0.6,7.0,1
5.83,2.62,8.86,0
5.62,4.15,6.47,1
7.69,5.11,8.88,1
4.98,1.62,8.8,0
8.44,1.19,7.63,1
4.72,3.65,5.15,0
3.1,3.96,4.95,0
6.81,4.34,4.96,1
10.76,3.04,7.53,1
8.53,0.87,6.27,1
5.5,1.56,8.85,0
3.83,1.01,4.86,0
6.73,1.46,7.0,0
9.46,2.89,4.75,1
3.08,5.68,4.89,1
6.42,4.21,6.37,1
3.29,1.82,6.86,0
10.41,3.32,6.77,1
6.65,4.56,5.71,1
9.85,1.75,5.81,1
5.67,2.33,8.47,0
9.99,3.61,8.17,1
8.74,1.59,6.19,1
10.04,5.4,5.58,1
